figure,metric,metric_label,condition,condition_label,domain,domain_label,n,mean,min,max,std,plotted_value
policy_compare_total_success_rate,success_rate,Success Rate,all,All,waste,Waste,200,0.975000,0.000000,1.000000,0.156517,0.975000
policy_compare_total_success_rate,success_rate,Success Rate,all,All,tomato,Tomato,200,0.815000,0.000000,1.000000,0.389272,0.815000
policy_compare_total_success_rate,success_rate,Success Rate,no,No,waste,Waste,200,0.135000,0.000000,1.000000,0.342581,0.135000
policy_compare_total_success_rate,success_rate,Success Rate,no,No,tomato,Tomato,200,0.015000,0.000000,1.000000,0.121857,0.015000
policy_compare_total_success_rate,success_rate,Success Rate,random,Random,waste,Waste,200,0.900000,0.000000,1.000000,0.300753,0.900000
policy_compare_total_success_rate,success_rate,Success Rate,random,Random,tomato,Tomato,200,0.100000,0.000000,1.000000,0.300753,0.100000
policy_compare_total_success_rate,success_rate,Success Rate,knowno_gpt4,KnowNo,waste,Waste,200,0.385000,0.000000,1.000000,0.487816,0.385000
policy_compare_total_success_rate,success_rate,Success Rate,knowno_gpt4,KnowNo,tomato,Tomato,200,0.420000,0.000000,1.000000,0.494797,0.420000
policy_compare_total_success_rate,success_rate,Success Rate,ours,Ours,waste,Waste,200,0.915000,0.000000,1.000000,0.279582,0.915000
policy_compare_total_success_rate,success_rate,Success Rate,ours,Ours,tomato,Tomato,200,0.845000,0.000000,1.000000,0.362813,0.845000
policy_compare_total_average_step,average_step,Average Step,all,All,waste,Waste,200,11.270000,3.000000,26.000000,2.634731,11.270000
policy_compare_total_average_step,average_step,Average Step,all,All,tomato,Tomato,200,22.195000,5.000000,50.000000,9.294023,22.195000
policy_compare_total_average_step,average_step,Average Step,no,No,waste,Waste,200,41.970000,3.000000,50.000000,16.169924,41.970000
policy_compare_total_average_step,average_step,Average Step,no,No,tomato,Tomato,200,7.370000,3.000000,50.000000,5.904866,7.370000
policy_compare_total_average_step,average_step,Average Step,random,Random,waste,Waste,200,12.345000,3.000000,25.000000,3.379806,12.345000
policy_compare_total_average_step,average_step,Average Step,random,Random,tomato,Tomato,200,9.320000,3.000000,50.000000,6.175621,9.320000
policy_compare_total_average_step,average_step,Average Step,knowno_gpt4,KnowNo,waste,Waste,200,7.230000,1.000000,12.000000,2.958184,7.230000
policy_compare_total_average_step,average_step,Average Step,knowno_gpt4,KnowNo,tomato,Tomato,200,10.730000,2.000000,17.000000,4.040884,10.730000
policy_compare_total_average_step,average_step,Average Step,ours,Ours,waste,Waste,200,10.690000,3.000000,22.000000,2.852117,10.690000
policy_compare_total_average_step,average_step,Average Step,ours,Ours,tomato,Tomato,200,19.055000,5.000000,50.000000,6.853233,19.055000
policy_compare_total_average_step_success_only,average_step_success_only,Average Step,all,All,waste,Waste,195,11.430769,9.000000,26.000000,2.432401,11.430769
policy_compare_total_average_step_success_only,average_step_success_only,Average Step,all,All,tomato,Tomato,163,23.104294,14.000000,50.000000,7.209916,23.104294
policy_compare_total_average_step_success_only,average_step_success_only,Average Step,no,No,waste,Waste,27,11.666667,9.000000,19.000000,2.183857,11.666667
policy_compare_total_average_step_success_only,average_step_success_only,Average Step,no,No,tomato,Tomato,3,15.000000,13.000000,16.000000,1.732051,15.000000
policy_compare_total_average_step_success_only,average_step_success_only,Average Step,random,Random,waste,Waste,180,12.733333,9.000000,25.000000,3.051879,12.733333
policy_compare_total_average_step_success_only,average_step_success_only,Average Step,random,Random,tomato,Tomato,20,15.650000,12.000000,20.000000,2.277464,15.650000
policy_compare_total_average_step_success_only,average_step_success_only,Average Step,knowno_gpt4,KnowNo,waste,Waste,77,9.974026,9.000000,12.000000,0.537392,9.974026
policy_compare_total_average_step_success_only,average_step_success_only,Average Step,knowno_gpt4,KnowNo,tomato,Tomato,84,14.011905,13.000000,17.000000,0.975533,14.011905
policy_compare_total_average_step_success_only,average_step_success_only,Average Step,ours,Ours,waste,Waste,183,11.169399,9.000000,22.000000,2.403922,11.169399
policy_compare_total_average_step_success_only,average_step_success_only,Average Step,ours,Ours,tomato,Tomato,169,19.680473,13.000000,40.000000,5.295295,19.680473
policy_compare_total_average_step_failure_only,average_step_failure_only,Average Step,all,All,waste,Waste,5,5.000000,3.000000,9.000000,2.828427,5.000000
policy_compare_total_average_step_failure_only,average_step_failure_only,Average Step,all,All,tomato,Tomato,37,18.189189,5.000000,50.000000,14.944040,18.189189
policy_compare_total_average_step_failure_only,average_step_failure_only,Average Step,no,No,waste,Waste,173,46.699422,3.000000,50.000000,11.625046,46.699422
policy_compare_total_average_step_failure_only,average_step_failure_only,Average Step,no,No,tomato,Tomato,197,7.253807,3.000000,50.000000,5.870764,7.253807
policy_compare_total_average_step_failure_only,average_step_failure_only,Average Step,random,Random,waste,Waste,20,8.850000,3.000000,18.000000,4.196176,8.850000
policy_compare_total_average_step_failure_only,average_step_failure_only,Average Step,random,Random,tomato,Tomato,180,8.616667,3.000000,50.000000,6.072444,8.616667
policy_compare_total_average_step_failure_only,average_step_failure_only,Average Step,knowno_gpt4,KnowNo,waste,Waste,123,5.512195,1.000000,12.000000,2.523223,5.512195
policy_compare_total_average_step_failure_only,average_step_failure_only,Average Step,knowno_gpt4,KnowNo,tomato,Tomato,116,8.353448,2.000000,17.000000,3.742248,8.353448
policy_compare_total_average_step_failure_only,average_step_failure_only,Average Step,ours,Ours,waste,Waste,17,5.529412,3.000000,9.000000,2.124784,5.529412
policy_compare_total_average_step_failure_only,average_step_failure_only,Average Step,ours,Ours,tomato,Tomato,31,15.645161,5.000000,50.000000,11.844966,15.645161
policy_compare_total_average_question,average_question,Average Query Number,all,All,waste,Waste,200,15.865000,6.000000,34.000000,3.965527,15.865000
policy_compare_total_average_question,average_question,Average Query Number,all,All,tomato,Tomato,200,47.280000,10.000000,179.000000,26.547229,47.280000
policy_compare_total_average_question,average_question,Average Query Number,no,No,waste,Waste,200,0.000000,0.000000,0.000000,0.000000,0.000000
policy_compare_total_average_question,average_question,Average Query Number,no,No,tomato,Tomato,200,0.000000,0.000000,0.000000,0.000000,0.000000
policy_compare_total_average_question,average_question,Average Query Number,random,Random,waste,Waste,200,7.925000,0.000000,16.000000,2.659840,7.925000
policy_compare_total_average_question,average_question,Average Query Number,random,Random,tomato,Tomato,200,8.910000,0.000000,46.000000,7.890068,8.910000
policy_compare_total_average_question,average_question,Average Query Number,knowno_gpt4,KnowNo,waste,Waste,200,2.065000,0.000000,6.000000,1.284142,2.065000
policy_compare_total_average_question,average_question,Average Query Number,knowno_gpt4,KnowNo,tomato,Tomato,200,2.125000,0.000000,6.000000,1.367011,2.125000
policy_compare_total_average_question,average_question,Average Query Number,ours,Ours,waste,Waste,200,8.335000,4.000000,21.000000,3.359944,8.335000
policy_compare_total_average_question,average_question,Average Query Number,ours,Ours,tomato,Tomato,200,27.325000,6.000000,83.000000,15.137871,27.325000
policy_compare_total_average_question_success_only,average_question_success_only,Average Query Number,all,All,waste,Waste,195,16.056410,12.000000,34.000000,3.793904,16.056410
policy_compare_total_average_question_success_only,average_question_success_only,Average Query Number,all,All,tomato,Tomato,163,48.564417,21.000000,137.000000,21.934256,48.564417
policy_compare_total_average_question_success_only,average_question_success_only,Average Query Number,no,No,waste,Waste,27,0.000000,0.000000,0.000000,0.000000,0.000000
policy_compare_total_average_question_success_only,average_question_success_only,Average Query Number,no,No,tomato,Tomato,3,0.000000,0.000000,0.000000,0.000000,0.000000
policy_compare_total_average_question_success_only,average_question_success_only,Average Query Number,random,Random,waste,Waste,180,8.183333,1.000000,16.000000,2.475523,8.183333
policy_compare_total_average_question_success_only,average_question_success_only,Average Query Number,random,Random,tomato,Tomato,20,17.600000,10.000000,31.000000,4.309109,17.600000
policy_compare_total_average_question_success_only,average_question_success_only,Average Query Number,knowno_gpt4,KnowNo,waste,Waste,77,2.610390,0.000000,6.000000,1.237100,2.610390
policy_compare_total_average_question_success_only,average_question_success_only,Average Query Number,knowno_gpt4,KnowNo,tomato,Tomato,84,2.857143,1.000000,6.000000,0.983513,2.857143
policy_compare_total_average_question_success_only,average_question_success_only,Average Query Number,ours,Ours,waste,Waste,183,8.491803,4.000000,21.000000,3.347738,8.491803
policy_compare_total_average_question_success_only,average_question_success_only,Average Query Number,ours,Ours,tomato,Tomato,169,28.769231,11.000000,83.000000,14.389563,28.769231
policy_compare_total_average_question_failure_only,average_question_failure_only,Average Query Number,all,All,waste,Waste,5,8.400000,6.000000,14.000000,3.577709,8.400000
policy_compare_total_average_question_failure_only,average_question_failure_only,Average Query Number,all,All,tomato,Tomato,37,41.621622,10.000000,179.000000,41.113901,41.621622
policy_compare_total_average_question_failure_only,average_question_failure_only,Average Query Number,no,No,waste,Waste,173,0.000000,0.000000,0.000000,0.000000,0.000000
policy_compare_total_average_question_failure_only,average_question_failure_only,Average Query Number,no,No,tomato,Tomato,197,0.000000,0.000000,0.000000,0.000000,0.000000
policy_compare_total_average_question_failure_only,average_question_failure_only,Average Query Number,random,Random,waste,Waste,20,5.600000,0.000000,14.000000,3.168928,5.600000
policy_compare_total_average_question_failure_only,average_question_failure_only,Average Query Number,random,Random,tomato,Tomato,180,7.944444,0.000000,46.000000,7.606761,7.944444
policy_compare_total_average_question_failure_only,average_question_failure_only,Average Query Number,knowno_gpt4,KnowNo,waste,Waste,123,1.723577,0.000000,6.000000,1.196311,1.723577
policy_compare_total_average_question_failure_only,average_question_failure_only,Average Query Number,knowno_gpt4,KnowNo,tomato,Tomato,116,1.594828,0.000000,5.000000,1.364000,1.594828
policy_compare_total_average_question_failure_only,average_question_failure_only,Average Query Number,ours,Ours,waste,Waste,17,6.647059,4.000000,14.000000,3.101233,6.647059
policy_compare_total_average_question_failure_only,average_question_failure_only,Average Query Number,ours,Ours,tomato,Tomato,31,19.451613,6.000000,72.000000,16.873725,19.451613
policy_compare_total_query_probability_per_step,query_probability_per_step,Query Probability per Step,all,All,waste,Waste,1,1.000000,1.000000,1.000000,,1.000000
policy_compare_total_query_probability_per_step,query_probability_per_step,Query Probability per Step,all,All,tomato,Tomato,1,1.000000,1.000000,1.000000,,1.000000
policy_compare_total_query_probability_per_step,query_probability_per_step,Query Probability per Step,no,No,waste,Waste,1,0.000000,0.000000,0.000000,,0.000000
policy_compare_total_query_probability_per_step,query_probability_per_step,Query Probability per Step,no,No,tomato,Tomato,1,0.000000,0.000000,0.000000,,0.000000
policy_compare_total_query_probability_per_step,query_probability_per_step,Query Probability per Step,random,Random,waste,Waste,1,0.388821,0.388821,0.388821,,0.388821
policy_compare_total_query_probability_per_step,query_probability_per_step,Query Probability per Step,random,Random,tomato,Tomato,1,0.478004,0.478004,0.478004,,0.478004
policy_compare_total_query_probability_per_step,query_probability_per_step,Query Probability per Step,knowno_gpt4,KnowNo,waste,Waste,1,0.285615,0.285615,0.285615,,0.285615
policy_compare_total_query_probability_per_step,query_probability_per_step,Query Probability per Step,knowno_gpt4,KnowNo,tomato,Tomato,1,0.198043,0.198043,0.198043,,0.198043
policy_compare_total_query_probability_per_step,query_probability_per_step,Query Probability per Step,ours,Ours,waste,Waste,1,0.383536,0.383536,0.383536,,0.383536
policy_compare_total_query_probability_per_step,query_probability_per_step,Query Probability per Step,ours,Ours,tomato,Tomato,1,0.482813,0.482813,0.482813,,0.482813
policy_compare_total_query_probability_per_step_success_only,query_probability_per_step_success_only,Query Probability per Step,all,All,waste,Waste,1,1.000000,1.000000,1.000000,,1.000000
policy_compare_total_query_probability_per_step_success_only,query_probability_per_step_success_only,Query Probability per Step,all,All,tomato,Tomato,1,1.000000,1.000000,1.000000,,1.000000
policy_compare_total_query_probability_per_step_success_only,query_probability_per_step_success_only,Query Probability per Step,no,No,waste,Waste,1,0.000000,0.000000,0.000000,,0.000000
policy_compare_total_query_probability_per_step_success_only,query_probability_per_step_success_only,Query Probability per Step,no,No,tomato,Tomato,1,0.000000,0.000000,0.000000,,0.000000
policy_compare_total_query_probability_per_step_success_only,query_probability_per_step_success_only,Query Probability per Step,random,Random,waste,Waste,1,0.392234,0.392234,0.392234,,0.392234
policy_compare_total_query_probability_per_step_success_only,query_probability_per_step_success_only,Query Probability per Step,random,Random,tomato,Tomato,1,0.549521,0.549521,0.549521,,0.549521
policy_compare_total_query_probability_per_step_success_only,query_probability_per_step_success_only,Query Probability per Step,knowno_gpt4,KnowNo,waste,Waste,1,0.261719,0.261719,0.261719,,0.261719
policy_compare_total_query_probability_per_step_success_only,query_probability_per_step_success_only,Query Probability per Step,knowno_gpt4,KnowNo,tomato,Tomato,1,0.203908,0.203908,0.203908,,0.203908
policy_compare_total_query_probability_per_step_success_only,query_probability_per_step_success_only,Query Probability per Step,ours,Ours,waste,Waste,1,0.380137,0.380137,0.380137,,0.380137
policy_compare_total_query_probability_per_step_success_only,query_probability_per_step_success_only,Query Probability per Step,ours,Ours,tomato,Tomato,1,0.481359,0.481359,0.481359,,0.481359
policy_compare_total_query_probability_per_step_failure_only,query_probability_per_step_failure_only,Query Probability per Step,all,All,waste,Waste,1,1.000000,1.000000,1.000000,,1.000000
policy_compare_total_query_probability_per_step_failure_only,query_probability_per_step_failure_only,Query Probability per Step,all,All,tomato,Tomato,1,1.000000,1.000000,1.000000,,1.000000
policy_compare_total_query_probability_per_step_failure_only,query_probability_per_step_failure_only,Query Probability per Step,no,No,waste,Waste,1,0.000000,0.000000,0.000000,,0.000000
policy_compare_total_query_probability_per_step_failure_only,query_probability_per_step_failure_only,Query Probability per Step,no,No,tomato,Tomato,1,0.000000,0.000000,0.000000,,0.000000
policy_compare_total_query_probability_per_step_failure_only,query_probability_per_step_failure_only,Query Probability per Step,random,Random,waste,Waste,1,0.344633,0.344633,0.344633,,0.344633
policy_compare_total_query_probability_per_step_failure_only,query_probability_per_step_failure_only,Query Probability per Step,random,Random,tomato,Tomato,1,0.463572,0.463572,0.463572,,0.463572
policy_compare_total_query_probability_per_step_failure_only,query_probability_per_step_failure_only,Query Probability per Step,knowno_gpt4,KnowNo,waste,Waste,1,0.312684,0.312684,0.312684,,0.312684
policy_compare_total_query_probability_per_step_failure_only,query_probability_per_step_failure_only,Query Probability per Step,knowno_gpt4,KnowNo,tomato,Tomato,1,0.190918,0.190918,0.190918,,0.190918
policy_compare_total_query_probability_per_step_failure_only,query_probability_per_step_failure_only,Query Probability per Step,ours,Ours,waste,Waste,1,0.457447,0.457447,0.457447,,0.457447
policy_compare_total_query_probability_per_step_failure_only,query_probability_per_step_failure_only,Query Probability per Step,ours,Ours,tomato,Tomato,1,0.492784,0.492784,0.492784,,0.492784
policy_compare_total_average_reward,average_reward,Average Reward,all,All,waste,Waste,200,14.700000,0.000000,30.000000,7.983022,14.700000
policy_compare_total_average_reward,average_reward,Average Reward,all,All,tomato,Tomato,200,6.875000,0.000000,15.000000,4.439360,6.875000
policy_compare_total_average_reward,average_reward,Average Reward,no,No,waste,Waste,200,2.725000,0.000000,30.000000,6.627139,2.725000
policy_compare_total_average_reward,average_reward,Average Reward,no,No,tomato,Tomato,200,2.050000,0.000000,20.000000,3.406689,2.050000
policy_compare_total_average_reward,average_reward,Average Reward,random,Random,waste,Waste,200,16.875000,0.000000,30.000000,7.149472,16.875000
policy_compare_total_average_reward,average_reward,Average Reward,random,Random,tomato,Tomato,200,2.750000,0.000000,10.000000,3.238819,2.750000
policy_compare_total_average_reward,average_reward,Average Reward,knowno_gpt4,KnowNo,waste,Waste,0,,,,,
policy_compare_total_average_reward,average_reward,Average Reward,knowno_gpt4,KnowNo,tomato,Tomato,0,,,,,
policy_compare_total_average_reward,average_reward,Average Reward,ours,Ours,waste,Waste,200,13.550000,0.000000,30.000000,8.291032,13.550000
policy_compare_total_average_reward,average_reward,Average Reward,ours,Ours,tomato,Tomato,200,7.425000,0.000000,15.000000,4.728230,7.425000
policy_compare_total_average_reward_success_only,average_reward_success_only,Average Reward,all,All,waste,Waste,195,15.000000,0.000000,30.000000,7.848435,15.000000
policy_compare_total_average_reward_success_only,average_reward_success_only,Average Reward,all,All,tomato,Tomato,163,7.546012,0.000000,15.000000,4.352100,7.546012
policy_compare_total_average_reward_success_only,average_reward_success_only,Average Reward,no,No,waste,Waste,27,18.333333,5.000000,30.000000,5.547002,18.333333
policy_compare_total_average_reward_success_only,average_reward_success_only,Average Reward,no,No,tomato,Tomato,3,8.333333,5.000000,10.000000,2.886751,8.333333
policy_compare_total_average_reward_success_only,average_reward_success_only,Average Reward,random,Random,waste,Waste,180,18.111111,0.000000,30.000000,6.279246,18.111111
policy_compare_total_average_reward_success_only,average_reward_success_only,Average Reward,random,Random,tomato,Tomato,20,5.250000,0.000000,10.000000,4.127890,5.250000
policy_compare_total_average_reward_success_only,average_reward_success_only,Average Reward,knowno_gpt4,KnowNo,waste,Waste,0,,,,,
policy_compare_total_average_reward_success_only,average_reward_success_only,Average Reward,knowno_gpt4,KnowNo,tomato,Tomato,0,,,,,
policy_compare_total_average_reward_success_only,average_reward_success_only,Average Reward,ours,Ours,waste,Waste,183,14.617486,0.000000,30.000000,7.800121,14.617486
policy_compare_total_average_reward_success_only,average_reward_success_only,Average Reward,ours,Ours,tomato,Tomato,169,8.136095,0.000000,15.000000,4.523661,8.136095
policy_compare_total_average_reward_failure_only,average_reward_failure_only,Average Reward,all,All,waste,Waste,5,3.000000,0.000000,5.000000,2.738613,3.000000
policy_compare_total_average_reward_failure_only,average_reward_failure_only,Average Reward,all,All,tomato,Tomato,37,3.918919,0.000000,15.000000,3.561978,3.918919
policy_compare_total_average_reward_failure_only,average_reward_failure_only,Average Reward,no,No,waste,Waste,173,0.289017,0.000000,10.000000,1.396734,0.289017
policy_compare_total_average_reward_failure_only,average_reward_failure_only,Average Reward,no,No,tomato,Tomato,197,1.954315,0.000000,20.000000,3.329360,1.954315
policy_compare_total_average_reward_failure_only,average_reward_failure_only,Average Reward,random,Random,waste,Waste,20,5.750000,0.000000,15.000000,4.375470,5.750000
policy_compare_total_average_reward_failure_only,average_reward_failure_only,Average Reward,random,Random,tomato,Tomato,180,2.472222,0.000000,10.000000,3.012878,2.472222
policy_compare_total_average_reward_failure_only,average_reward_failure_only,Average Reward,knowno_gpt4,KnowNo,waste,Waste,0,,,,,
policy_compare_total_average_reward_failure_only,average_reward_failure_only,Average Reward,knowno_gpt4,KnowNo,tomato,Tomato,0,,,,,
policy_compare_total_average_reward_failure_only,average_reward_failure_only,Average Reward,ours,Ours,waste,Waste,17,2.058824,0.000000,10.000000,3.091735,2.058824
policy_compare_total_average_reward_failure_only,average_reward_failure_only,Average Reward,ours,Ours,tomato,Tomato,31,3.548387,0.000000,10.000000,3.914407,3.548387
policy_compare_total_elapsed_time,elapsed_time,Elapsed Time,all,All,waste,Waste,200,5.592136,1.518000,12.463500,1.296955,5.592136
policy_compare_total_elapsed_time,elapsed_time,Elapsed Time,all,All,tomato,Tomato,200,10.978276,2.115800,26.185100,4.862696,10.978276
policy_compare_total_elapsed_time,elapsed_time,Elapsed Time,no,No,waste,Waste,200,29.130536,1.552300,36.262500,12.171214,29.130536
policy_compare_total_elapsed_time,elapsed_time,Elapsed Time,no,No,tomato,Tomato,200,3.269824,1.090700,26.346600,3.019743,3.269824
policy_compare_total_elapsed_time,elapsed_time,Elapsed Time,random,Random,waste,Waste,200,2.999595,0.886700,9.908400,1.414562,2.999595
policy_compare_total_elapsed_time,elapsed_time,Elapsed Time,random,Random,tomato,Tomato,200,4.276261,0.972700,28.678700,3.458386,4.276261
policy_compare_total_elapsed_time,elapsed_time,Elapsed Time,knowno_gpt4,KnowNo,waste,Waste,200,23.682508,4.017311,207.740201,24.274093,23.682508
policy_compare_total_elapsed_time,elapsed_time,Elapsed Time,knowno_gpt4,KnowNo,tomato,Tomato,200,43.172954,4.512035,1760.600285,124.743632,43.172954
policy_compare_total_elapsed_time,elapsed_time,Elapsed Time,ours,Ours,waste,Waste,200,5.289892,1.513600,10.947000,1.371192,5.289892
policy_compare_total_elapsed_time,elapsed_time,Elapsed Time,ours,Ours,tomato,Tomato,200,55.954377,1.976200,2757.350800,293.339283,55.954377
policy_compare_total_elapsed_time_success_only,elapsed_time_success_only,Elapsed Time,all,All,waste,Waste,195,5.669430,4.353600,12.463500,1.199464,5.669430
policy_compare_total_elapsed_time_success_only,elapsed_time_success_only,Elapsed Time,all,All,tomato,Tomato,163,11.454046,6.658300,25.910000,3.777206,11.454046
policy_compare_total_elapsed_time_success_only,elapsed_time_success_only,Elapsed Time,no,No,waste,Waste,27,5.784826,4.471100,9.176700,1.079512,5.784826
policy_compare_total_elapsed_time_success_only,elapsed_time_success_only,Elapsed Time,no,No,tomato,Tomato,3,7.315267,6.379600,7.875400,0.815551,7.315267
policy_compare_total_elapsed_time_success_only,elapsed_time_success_only,Elapsed Time,random,Random,waste,Waste,180,3.056141,1.688600,9.908400,1.369069,3.056141
policy_compare_total_elapsed_time_success_only,elapsed_time_success_only,Elapsed Time,random,Random,tomato,Tomato,20,7.857150,6.098500,9.686400,1.104876,7.857150
policy_compare_total_elapsed_time_success_only,elapsed_time_success_only,Elapsed Time,knowno_gpt4,KnowNo,waste,Waste,77,27.896587,14.469212,77.105407,11.375104,27.896587
policy_compare_total_elapsed_time_success_only,elapsed_time_success_only,Elapsed Time,knowno_gpt4,KnowNo,tomato,Tomato,84,64.323148,24.660375,1760.600285,189.261156,64.323148
policy_compare_total_elapsed_time_success_only,elapsed_time_success_only,Elapsed Time,ours,Ours,waste,Waste,183,5.515856,4.316400,10.947000,1.155992,5.515856
policy_compare_total_elapsed_time_success_only,elapsed_time_success_only,Elapsed Time,ours,Ours,tomato,Tomato,169,64.737823,6.220800,2757.350800,318.461211,64.737823
policy_compare_total_elapsed_time_failure_only,elapsed_time_failure_only,Elapsed Time,all,All,waste,Waste,5,2.577680,1.518000,4.868800,1.502146,2.577680
policy_compare_total_elapsed_time_failure_only,elapsed_time_failure_only,Elapsed Time,all,All,tomato,Tomato,37,8.882314,2.115800,26.185100,7.808075,8.882314
policy_compare_total_elapsed_time_failure_only,elapsed_time_failure_only,Elapsed Time,no,No,waste,Waste,173,32.774086,1.552300,36.262500,8.503420,32.774086
policy_compare_total_elapsed_time_failure_only,elapsed_time_failure_only,Elapsed Time,no,No,tomato,Tomato,197,3.208218,1.090700,26.346600,2.999554,3.208218
policy_compare_total_elapsed_time_failure_only,elapsed_time_failure_only,Elapsed Time,random,Random,waste,Waste,20,2.490680,0.886700,6.555900,1.731016,2.490680
policy_compare_total_elapsed_time_failure_only,elapsed_time_failure_only,Elapsed Time,random,Random,tomato,Tomato,180,3.878384,0.972700,28.678700,3.402252,3.878384
policy_compare_total_elapsed_time_failure_only,elapsed_time_failure_only,Elapsed Time,knowno_gpt4,KnowNo,waste,Waste,123,21.044425,4.017311,207.740201,29.364834,21.044425
policy_compare_total_elapsed_time_failure_only,elapsed_time_failure_only,Elapsed Time,knowno_gpt4,KnowNo,tomato,Tomato,116,27.857297,4.512035,150.018583,22.613149,27.857297
policy_compare_total_elapsed_time_failure_only,elapsed_time_failure_only,Elapsed Time,ours,Ours,waste,Waste,17,2.857459,1.513600,5.445600,1.146052,2.857459
policy_compare_total_elapsed_time_failure_only,elapsed_time_failure_only,Elapsed Time,ours,Ours,tomato,Tomato,31,8.070429,1.976200,26.530000,6.518254,8.070429
policy_compare_total_prediction_set_size_when_asked,prediction_set_size_when_asked,Prediction Set Size When Asked,all,All,waste,Waste,0,,,,,
policy_compare_total_prediction_set_size_when_asked,prediction_set_size_when_asked,Prediction Set Size When Asked,all,All,tomato,Tomato,0,,,,,
policy_compare_total_prediction_set_size_when_asked,prediction_set_size_when_asked,Prediction Set Size When Asked,no,No,waste,Waste,0,,,,,
policy_compare_total_prediction_set_size_when_asked,prediction_set_size_when_asked,Prediction Set Size When Asked,no,No,tomato,Tomato,0,,,,,
policy_compare_total_prediction_set_size_when_asked,prediction_set_size_when_asked,Prediction Set Size When Asked,random,Random,waste,Waste,0,,,,,
policy_compare_total_prediction_set_size_when_asked,prediction_set_size_when_asked,Prediction Set Size When Asked,random,Random,tomato,Tomato,0,,,,,
policy_compare_total_prediction_set_size_when_asked,prediction_set_size_when_asked,Prediction Set Size When Asked,knowno_gpt4,KnowNo,waste,Waste,413,2.140436,2.000000,3.500000,0.270090,2.140436
policy_compare_total_prediction_set_size_when_asked,prediction_set_size_when_asked,Prediction Set Size When Asked,knowno_gpt4,KnowNo,tomato,Tomato,425,2.607059,2.000000,4.000000,0.409725,2.607059
policy_compare_total_prediction_set_size_when_asked,prediction_set_size_when_asked,Prediction Set Size When Asked,ours,Ours,waste,Waste,0,,,,,
policy_compare_total_prediction_set_size_when_asked,prediction_set_size_when_asked,Prediction Set Size When Asked,ours,Ours,tomato,Tomato,0,,,,,
policy_compare_total_prediction_set_size_when_asked_success_only,prediction_set_size_when_asked_success_only,Prediction Set Size When Asked,all,All,waste,Waste,0,,,,,
policy_compare_total_prediction_set_size_when_asked_success_only,prediction_set_size_when_asked_success_only,Prediction Set Size When Asked,all,All,tomato,Tomato,0,,,,,
policy_compare_total_prediction_set_size_when_asked_success_only,prediction_set_size_when_asked_success_only,Prediction Set Size When Asked,no,No,waste,Waste,0,,,,,
policy_compare_total_prediction_set_size_when_asked_success_only,prediction_set_size_when_asked_success_only,Prediction Set Size When Asked,no,No,tomato,Tomato,0,,,,,
policy_compare_total_prediction_set_size_when_asked_success_only,prediction_set_size_when_asked_success_only,Prediction Set Size When Asked,random,Random,waste,Waste,0,,,,,
policy_compare_total_prediction_set_size_when_asked_success_only,prediction_set_size_when_asked_success_only,Prediction Set Size When Asked,random,Random,tomato,Tomato,0,,,,,
policy_compare_total_prediction_set_size_when_asked_success_only,prediction_set_size_when_asked_success_only,Prediction Set Size When Asked,knowno_gpt4,KnowNo,waste,Waste,201,2.129353,2.000000,3.500000,0.276919,2.129353
policy_compare_total_prediction_set_size_when_asked_success_only,prediction_set_size_when_asked_success_only,Prediction Set Size When Asked,knowno_gpt4,KnowNo,tomato,Tomato,240,2.629167,2.000000,3.500000,0.377427,2.629167
policy_compare_total_prediction_set_size_when_asked_success_only,prediction_set_size_when_asked_success_only,Prediction Set Size When Asked,ours,Ours,waste,Waste,0,,,,,
policy_compare_total_prediction_set_size_when_asked_success_only,prediction_set_size_when_asked_success_only,Prediction Set Size When Asked,ours,Ours,tomato,Tomato,0,,,,,
policy_compare_total_prediction_set_size_when_asked_failure_only,prediction_set_size_when_asked_failure_only,Prediction Set Size When Asked,all,All,waste,Waste,0,,,,,
policy_compare_total_prediction_set_size_when_asked_failure_only,prediction_set_size_when_asked_failure_only,Prediction Set Size When Asked,all,All,tomato,Tomato,0,,,,,
policy_compare_total_prediction_set_size_when_asked_failure_only,prediction_set_size_when_asked_failure_only,Prediction Set Size When Asked,no,No,waste,Waste,0,,,,,
policy_compare_total_prediction_set_size_when_asked_failure_only,prediction_set_size_when_asked_failure_only,Prediction Set Size When Asked,no,No,tomato,Tomato,0,,,,,
policy_compare_total_prediction_set_size_when_asked_failure_only,prediction_set_size_when_asked_failure_only,Prediction Set Size When Asked,random,Random,waste,Waste,0,,,,,
policy_compare_total_prediction_set_size_when_asked_failure_only,prediction_set_size_when_asked_failure_only,Prediction Set Size When Asked,random,Random,tomato,Tomato,0,,,,,
policy_compare_total_prediction_set_size_when_asked_failure_only,prediction_set_size_when_asked_failure_only,Prediction Set Size When Asked,knowno_gpt4,KnowNo,waste,Waste,212,2.150943,2.000000,3.000000,0.263676,2.150943
policy_compare_total_prediction_set_size_when_asked_failure_only,prediction_set_size_when_asked_failure_only,Prediction Set Size When Asked,knowno_gpt4,KnowNo,tomato,Tomato,185,2.578378,2.000000,4.000000,0.447599,2.578378
policy_compare_total_prediction_set_size_when_asked_failure_only,prediction_set_size_when_asked_failure_only,Prediction Set Size When Asked,ours,Ours,waste,Waste,0,,,,,
policy_compare_total_prediction_set_size_when_asked_failure_only,prediction_set_size_when_asked_failure_only,Prediction Set Size When Asked,ours,Ours,tomato,Tomato,0,,,,,
