measure,description,domain_panel,direction,test_family,test,comparison,n,C1_mean,C1_sd,C2_mean,C2_sd,C3_mean,C3_sd,C4_mean,C4_sd,C5_mean,C5_sd,statistic,df,p,p_holm,effect_size,mean_difference,median_difference
SAGAT_accuracy,SAGAT mean accuracy across Q1-Q6,토마토 수확,higher,planned,Friedman,C1-C5,12,0.680556,0.13216,0.625,0.202572,0.625,0.103597,0.694445,0.156239,0.583333,0.181186,4.05854,4,0.398142,,0.0845528,,
SAGAT_accuracy,SAGAT mean accuracy across Q1-Q6,토마토 수확,higher,planned,Wilcoxon signed-rank exact,C3-C1,8,0.680556,0.13216,0.625,0.202572,0.625,0.103597,0.694445,0.156239,0.583333,0.181186,11.5,,0.453125,1,-0.361111,-0.0555556,-0.166666
SAGAT_accuracy,SAGAT mean accuracy across Q1-Q6,토마토 수확,higher,planned,Wilcoxon signed-rank exact,C3-C2,10,0.680556,0.13216,0.625,0.202572,0.625,0.103597,0.694445,0.156239,0.583333,0.181186,25,,0.84375,1,0.0909091,1.66667e-07,0
SAGAT_accuracy,SAGAT mean accuracy across Q1-Q6,토마토 수확,higher,planned,Wilcoxon signed-rank exact,C3-C5,8,0.680556,0.13216,0.625,0.202572,0.625,0.103597,0.694445,0.156239,0.583333,0.181186,12,,0.476562,1,0.333333,0.0416668,0.166667
SAGAT_accuracy,SAGAT mean accuracy across Q1-Q6,토마토 수확,higher,planned,Wilcoxon signed-rank exact,C4-C1,6,0.680556,0.13216,0.625,0.202572,0.625,0.103597,0.694445,0.156239,0.583333,0.181186,10.5,,1,1,0,0.0138888,-5e-07
SAGAT_accuracy,SAGAT mean accuracy across Q1-Q6,토마토 수확,higher,planned,Wilcoxon signed-rank exact,C4-C2,11,0.680556,0.13216,0.625,0.202572,0.625,0.103597,0.694445,0.156239,0.583333,0.181186,24.5,,0.476562,1,0.257576,0.0694445,0.166666
SAGAT_accuracy,SAGAT mean accuracy across Q1-Q6,토마토 수확,higher,planned,Wilcoxon signed-rank exact,C4-C3,10,0.680556,0.13216,0.625,0.202572,0.625,0.103597,0.694445,0.156239,0.583333,0.181186,19,,0.408203,1,0.309091,0.0694443,0.166666
SAGAT_accuracy,SAGAT mean accuracy across Q1-Q6,토마토 수확,higher,planned,Wilcoxon signed-rank exact,C4-C5,11,0.680556,0.13216,0.625,0.202572,0.625,0.103597,0.694445,0.156239,0.583333,0.181186,19.5,,0.256836,1,0.409091,0.111111,0.166667
SAGAT_accuracy,SAGAT mean accuracy across Q1-Q6,분리수거,higher,planned,Friedman,C1-C5,12,0.555555,0.19245,0.666667,0.0710668,0.722222,0.147937,0.527778,0.119624,0.597222,0.240563,12.9247,4,0.0116495,,0.269265,,
SAGAT_accuracy,SAGAT mean accuracy across Q1-Q6,분리수거,higher,planned,Wilcoxon signed-rank exact,C3-C1,9,0.555555,0.19245,0.666667,0.0710668,0.722222,0.147937,0.527778,0.119624,0.597222,0.240563,0,,0.00390625,0.0273438,1,0.166667,0.166667
SAGAT_accuracy,SAGAT mean accuracy across Q1-Q6,분리수거,higher,planned,Wilcoxon signed-rank exact,C3-C2,7,0.555555,0.19245,0.666667,0.0710668,0.722222,0.147937,0.527778,0.119624,0.597222,0.240563,10,,0.5625,1,0.285714,0.0555553,0.166666
SAGAT_accuracy,SAGAT mean accuracy across Q1-Q6,분리수거,higher,planned,Wilcoxon signed-rank exact,C3-C5,9,0.555555,0.19245,0.666667,0.0710668,0.722222,0.147937,0.527778,0.119624,0.597222,0.240563,9,,0.117188,0.46875,0.6,0.125,0.166667
SAGAT_accuracy,SAGAT mean accuracy across Q1-Q6,분리수거,higher,planned,Wilcoxon signed-rank exact,C4-C1,7,0.555555,0.19245,0.666667,0.0710668,0.722222,0.147937,0.527778,0.119624,0.597222,0.240563,12.5,,0.859375,1,-0.107143,-0.0277777,0.166667
SAGAT_accuracy,SAGAT mean accuracy across Q1-Q6,분리수거,higher,planned,Wilcoxon signed-rank exact,C4-C2,7,0.555555,0.19245,0.666667,0.0710668,0.722222,0.147937,0.527778,0.119624,0.597222,0.240563,0,,0.015625,0.09375,-1,-0.138889,-0.166667
SAGAT_accuracy,SAGAT mean accuracy across Q1-Q6,분리수거,higher,planned,Wilcoxon signed-rank exact,C4-C3,9,0.555555,0.19245,0.666667,0.0710668,0.722222,0.147937,0.527778,0.119624,0.597222,0.240563,3.5,,0.0234375,0.117188,-0.844444,-0.194444,-0.166667
SAGAT_accuracy,SAGAT mean accuracy across Q1-Q6,분리수거,higher,planned,Wilcoxon signed-rank exact,C4-C5,9,0.555555,0.19245,0.666667,0.0710668,0.722222,0.147937,0.527778,0.119624,0.597222,0.240563,15,,0.398438,1,-0.333333,-0.0694443,0.166666
SAGAT_accuracy,SAGAT mean accuracy across Q1-Q6,통합,higher,planned,Friedman,C1-C5,12,0.618056,0.12542,0.645833,0.113067,0.673611,0.103343,0.611111,0.119623,0.590278,0.172102,6.48485,4,0.165748,,0.135101,,
SAGAT_accuracy,SAGAT mean accuracy across Q1-Q6,통합,higher,planned,Wilcoxon signed-rank exact,C3-C1,8,0.618056,0.12542,0.645833,0.113067,0.673611,0.103343,0.611111,0.119623,0.590278,0.172102,7,,0.140625,0.902344,0.611111,0.0555556,0.0833335
SAGAT_accuracy,SAGAT mean accuracy across Q1-Q6,통합,higher,planned,Wilcoxon signed-rank exact,C3-C2,8,0.618056,0.12542,0.645833,0.113067,0.673611,0.103343,0.611111,0.119623,0.590278,0.172102,12.5,,0.484375,1,0.305556,0.0277778,0.083333
SAGAT_accuracy,SAGAT mean accuracy across Q1-Q6,통합,higher,planned,Wilcoxon signed-rank exact,C3-C5,9,0.618056,0.12542,0.645833,0.113067,0.673611,0.103343,0.611111,0.119623,0.590278,0.172102,9,,0.128906,0.902344,0.6,0.0833333,0.083334
SAGAT_accuracy,SAGAT mean accuracy across Q1-Q6,통합,higher,planned,Wilcoxon signed-rank exact,C4-C1,8,0.618056,0.12542,0.645833,0.113067,0.673611,0.103343,0.611111,0.119623,0.590278,0.172102,16,,0.84375,1,-0.111111,-0.0069445,0
SAGAT_accuracy,SAGAT mean accuracy across Q1-Q6,통합,higher,planned,Wilcoxon signed-rank exact,C4-C2,9,0.618056,0.12542,0.645833,0.113067,0.673611,0.103343,0.611111,0.119623,0.590278,0.172102,16.5,,0.554688,1,-0.266667,-0.0347223,-0.083333
SAGAT_accuracy,SAGAT mean accuracy across Q1-Q6,통합,higher,planned,Wilcoxon signed-rank exact,C4-C3,9,0.618056,0.12542,0.645833,0.113067,0.673611,0.103343,0.611111,0.119623,0.590278,0.172102,13,,0.289062,1,-0.422222,-0.0625001,-0.083334
SAGAT_accuracy,SAGAT mean accuracy across Q1-Q6,통합,higher,planned,Wilcoxon signed-rank exact,C4-C5,9,0.618056,0.12542,0.645833,0.113067,0.673611,0.103343,0.611111,0.119623,0.590278,0.172102,20.5,,0.851562,1,0.0888889,0.0208333,0.083333
SAGAT_Q1,SAGAT correctness for Q1,토마토 수확,higher,planned,Friedman,C1-C5,12,0.75,0.452267,0.583333,0.514929,0.583333,0.514929,0.583333,0.514929,0.583333,0.514929,1.10345,4,0.893725,,0.0229885,,
SAGAT_Q1,SAGAT correctness for Q1,토마토 수확,higher,planned,Wilcoxon signed-rank exact,C3-C1,6,0.75,0.452267,0.583333,0.514929,0.583333,0.514929,0.583333,0.514929,0.583333,0.514929,7,,0.6875,1,-0.333333,-0.166667,-1
SAGAT_Q1,SAGAT correctness for Q1,토마토 수확,higher,planned,Wilcoxon signed-rank exact,C3-C2,4,0.75,0.452267,0.583333,0.514929,0.583333,0.514929,0.583333,0.514929,0.583333,0.514929,5,,1,1,0,0,0
SAGAT_Q1,SAGAT correctness for Q1,토마토 수확,higher,planned,Wilcoxon signed-rank exact,C3-C5,6,0.75,0.452267,0.583333,0.514929,0.583333,0.514929,0.583333,0.514929,0.583333,0.514929,10.5,,1,1,0,0,0
SAGAT_Q1,SAGAT correctness for Q1,토마토 수확,higher,planned,Wilcoxon signed-rank exact,C4-C1,6,0.75,0.452267,0.583333,0.514929,0.583333,0.514929,0.583333,0.514929,0.583333,0.514929,7,,0.6875,1,-0.333333,-0.166667,-1
SAGAT_Q1,SAGAT correctness for Q1,토마토 수확,higher,planned,Wilcoxon signed-rank exact,C4-C2,8,0.75,0.452267,0.583333,0.514929,0.583333,0.514929,0.583333,0.514929,0.583333,0.514929,18,,1,1,0,0,0
SAGAT_Q1,SAGAT correctness for Q1,토마토 수확,higher,planned,Wilcoxon signed-rank exact,C4-C3,6,0.75,0.452267,0.583333,0.514929,0.583333,0.514929,0.583333,0.514929,0.583333,0.514929,10.5,,1,1,0,0,0
SAGAT_Q1,SAGAT correctness for Q1,토마토 수확,higher,planned,Wilcoxon signed-rank exact,C4-C5,4,0.75,0.452267,0.583333,0.514929,0.583333,0.514929,0.583333,0.514929,0.583333,0.514929,5,,1,1,0,0,0
SAGAT_Q1,SAGAT correctness for Q1,분리수거,higher,planned,Friedman,C1-C5,12,0.833333,0.389249,0.916667,0.288675,0.916667,0.288675,1,0,0.916667,0.288675,2,4,0.735759,,0.0416667,,
SAGAT_Q1,SAGAT correctness for Q1,분리수거,higher,planned,Wilcoxon signed-rank exact,C3-C1,3,0.833333,0.389249,0.916667,0.288675,0.916667,0.288675,1,0,0.916667,0.288675,2,,1,1,0.333333,0.0833333,1
SAGAT_Q1,SAGAT correctness for Q1,분리수거,higher,planned,Wilcoxon signed-rank exact,C3-C2,2,0.833333,0.389249,0.916667,0.288675,0.916667,0.288675,1,0,0.916667,0.288675,1.5,,1,1,0,0,0
SAGAT_Q1,SAGAT correctness for Q1,분리수거,higher,planned,Wilcoxon signed-rank exact,C3-C5,2,0.833333,0.389249,0.916667,0.288675,0.916667,0.288675,1,0,0.916667,0.288675,1.5,,1,1,0,0,0
SAGAT_Q1,SAGAT correctness for Q1,분리수거,higher,planned,Wilcoxon signed-rank exact,C4-C1,2,0.833333,0.389249,0.916667,0.288675,0.916667,0.288675,1,0,0.916667,0.288675,0,,0.5,1,1,0.166667,1
SAGAT_Q1,SAGAT correctness for Q1,분리수거,higher,planned,Wilcoxon signed-rank exact,C4-C2,1,0.833333,0.389249,0.916667,0.288675,0.916667,0.288675,1,0,0.916667,0.288675,0,,1,1,1,0.0833333,1
SAGAT_Q1,SAGAT correctness for Q1,분리수거,higher,planned,Wilcoxon signed-rank exact,C4-C3,1,0.833333,0.389249,0.916667,0.288675,0.916667,0.288675,1,0,0.916667,0.288675,0,,1,1,1,0.0833333,1
SAGAT_Q1,SAGAT correctness for Q1,분리수거,higher,planned,Wilcoxon signed-rank exact,C4-C5,1,0.833333,0.389249,0.916667,0.288675,0.916667,0.288675,1,0,0.916667,0.288675,0,,1,1,1,0.0833333,1
SAGAT_Q1,SAGAT correctness for Q1,통합,higher,planned,Friedman,C1-C5,12,0.791667,0.257464,0.75,0.3371,0.75,0.3371,0.791667,0.257464,0.75,0.261116,0.124224,4,0.998149,,0.00258799,,
SAGAT_Q1,SAGAT correctness for Q1,통합,higher,planned,Wilcoxon signed-rank exact,C3-C1,8,0.791667,0.257464,0.75,0.3371,0.75,0.3371,0.791667,0.257464,0.75,0.261116,16,,1,1,-0.111111,-0.0416667,0
SAGAT_Q1,SAGAT correctness for Q1,통합,higher,planned,Wilcoxon signed-rank exact,C3-C2,5,0.791667,0.257464,0.75,0.3371,0.75,0.3371,0.791667,0.257464,0.75,0.261116,7.5,,1,1,0,0,0.5
SAGAT_Q1,SAGAT correctness for Q1,통합,higher,planned,Wilcoxon signed-rank exact,C3-C5,6,0.791667,0.257464,0.75,0.3371,0.75,0.3371,0.791667,0.257464,0.75,0.261116,10.5,,1,1,0,0,0
SAGAT_Q1,SAGAT correctness for Q1,통합,higher,planned,Wilcoxon signed-rank exact,C4-C1,8,0.791667,0.257464,0.75,0.3371,0.75,0.3371,0.791667,0.257464,0.75,0.261116,18,,1,1,0,0,0
SAGAT_Q1,SAGAT correctness for Q1,통합,higher,planned,Wilcoxon signed-rank exact,C4-C2,8,0.791667,0.257464,0.75,0.3371,0.75,0.3371,0.791667,0.257464,0.75,0.261116,16,,1,1,0.111111,0.0416667,0
SAGAT_Q1,SAGAT correctness for Q1,통합,higher,planned,Wilcoxon signed-rank exact,C4-C3,7,0.791667,0.257464,0.75,0.3371,0.75,0.3371,0.791667,0.257464,0.75,0.261116,12,,1,1,0.142857,0.0416667,0.5
SAGAT_Q1,SAGAT correctness for Q1,통합,higher,planned,Wilcoxon signed-rank exact,C4-C5,5,0.791667,0.257464,0.75,0.3371,0.75,0.3371,0.791667,0.257464,0.75,0.261116,6,,1,1,0.2,0.0416667,0.5
SAGAT_Q2,SAGAT correctness for Q2,토마토 수확,higher,planned,Friedman,C1-C5,12,1,0,0.916667,0.288675,0.666667,0.492366,0.75,0.452267,0.666667,0.492366,6.28571,4,0.178803,,0.130952,,
SAGAT_Q2,SAGAT correctness for Q2,토마토 수확,higher,planned,Wilcoxon signed-rank exact,C3-C1,4,1,0,0.916667,0.288675,0.666667,0.492366,0.75,0.452267,0.666667,0.492366,0,,0.125,0.875,-1,-0.333333,-1
SAGAT_Q2,SAGAT correctness for Q2,토마토 수확,higher,planned,Wilcoxon signed-rank exact,C3-C2,3,1,0,0.916667,0.288675,0.666667,0.492366,0.75,0.452267,0.666667,0.492366,0,,0.25,1,-1,-0.25,-1
SAGAT_Q2,SAGAT correctness for Q2,토마토 수확,higher,planned,Wilcoxon signed-rank exact,C3-C5,8,1,0,0.916667,0.288675,0.666667,0.492366,0.75,0.452267,0.666667,0.492366,18,,1,1,0,0,0
SAGAT_Q2,SAGAT correctness for Q2,토마토 수확,higher,planned,Wilcoxon signed-rank exact,C4-C1,3,1,0,0.916667,0.288675,0.666667,0.492366,0.75,0.452267,0.666667,0.492366,0,,0.25,1,-1,-0.25,-1
SAGAT_Q2,SAGAT correctness for Q2,토마토 수확,higher,planned,Wilcoxon signed-rank exact,C4-C2,4,1,0,0.916667,0.288675,0.666667,0.492366,0.75,0.452267,0.666667,0.492366,2.5,,0.625,1,-0.5,-0.166667,-1
SAGAT_Q2,SAGAT correctness for Q2,토마토 수확,higher,planned,Wilcoxon signed-rank exact,C4-C3,7,1,0,0.916667,0.288675,0.666667,0.492366,0.75,0.452267,0.666667,0.492366,12,,1,1,0.142857,0.0833333,1
SAGAT_Q2,SAGAT correctness for Q2,토마토 수확,higher,planned,Wilcoxon signed-rank exact,C4-C5,3,1,0,0.916667,0.288675,0.666667,0.492366,0.75,0.452267,0.666667,0.492366,2,,1,1,0.333333,0.0833333,1
SAGAT_Q2,SAGAT correctness for Q2,분리수거,higher,planned,Friedman,C1-C5,12,1,0,1,0,0.666667,0.492366,0.75,0.452267,0.583333,0.514929,10.6,4,0.031447,,0.220833,,
SAGAT_Q2,SAGAT correctness for Q2,분리수거,higher,planned,Wilcoxon signed-rank exact,C3-C1,4,1,0,1,0,0.666667,0.492366,0.75,0.452267,0.583333,0.514929,0,,0.125,0.875,-1,-0.333333,-1
SAGAT_Q2,SAGAT correctness for Q2,분리수거,higher,planned,Wilcoxon signed-rank exact,C3-C2,4,1,0,1,0,0.666667,0.492366,0.75,0.452267,0.583333,0.514929,0,,0.125,0.875,-1,-0.333333,-1
SAGAT_Q2,SAGAT correctness for Q2,분리수거,higher,planned,Wilcoxon signed-rank exact,C3-C5,5,1,0,1,0,0.666667,0.492366,0.75,0.452267,0.583333,0.514929,6,,1,1,0.2,0.0833333,1
SAGAT_Q2,SAGAT correctness for Q2,분리수거,higher,planned,Wilcoxon signed-rank exact,C4-C1,3,1,0,1,0,0.666667,0.492366,0.75,0.452267,0.583333,0.514929,0,,0.25,1,-1,-0.25,-1
SAGAT_Q2,SAGAT correctness for Q2,분리수거,higher,planned,Wilcoxon signed-rank exact,C4-C2,3,1,0,1,0,0.666667,0.492366,0.75,0.452267,0.583333,0.514929,0,,0.25,1,-1,-0.25,-1
SAGAT_Q2,SAGAT correctness for Q2,분리수거,higher,planned,Wilcoxon signed-rank exact,C4-C3,5,1,0,1,0,0.666667,0.492366,0.75,0.452267,0.583333,0.514929,6,,1,1,0.2,0.0833333,1
SAGAT_Q2,SAGAT correctness for Q2,분리수거,higher,planned,Wilcoxon signed-rank exact,C4-C5,6,1,0,1,0,0.666667,0.492366,0.75,0.452267,0.583333,0.514929,7,,0.6875,1,0.333333,0.166667,1
SAGAT_Q2,SAGAT correctness for Q2,통합,higher,planned,Friedman,C1-C5,12,1,0,0.958333,0.144338,0.666667,0.325669,0.75,0.261116,0.625,0.433013,13.8301,4,0.00785764,,0.288126,,
SAGAT_Q2,SAGAT correctness for Q2,통합,higher,planned,Wilcoxon signed-rank exact,C3-C1,7,1,0,0.958333,0.144338,0.666667,0.325669,0.75,0.261116,0.625,0.433013,0,,0.015625,0.109375,-1,-0.333333,-0.5
SAGAT_Q2,SAGAT correctness for Q2,통합,higher,planned,Wilcoxon signed-rank exact,C3-C2,6,1,0,0.958333,0.144338,0.666667,0.325669,0.75,0.261116,0.625,0.433013,0,,0.03125,0.1875,-1,-0.291667,-0.5
SAGAT_Q2,SAGAT correctness for Q2,통합,higher,planned,Wilcoxon signed-rank exact,C3-C5,8,1,0,0.958333,0.144338,0.666667,0.325669,0.75,0.261116,0.625,0.433013,16,,0.882812,1,0.111111,0.0416667,0
SAGAT_Q2,SAGAT correctness for Q2,통합,higher,planned,Wilcoxon signed-rank exact,C4-C1,6,1,0,0.958333,0.144338,0.666667,0.325669,0.75,0.261116,0.625,0.433013,0,,0.03125,0.1875,-1,-0.25,-0.5
SAGAT_Q2,SAGAT correctness for Q2,통합,higher,planned,Wilcoxon signed-rank exact,C4-C2,7,1,0,0.958333,0.144338,0.666667,0.325669,0.75,0.261116,0.625,0.433013,4,,0.125,0.5,-0.714286,-0.208333,-0.5
SAGAT_Q2,SAGAT correctness for Q2,통합,higher,planned,Wilcoxon signed-rank exact,C4-C3,8,1,0,0.958333,0.144338,0.666667,0.325669,0.75,0.261116,0.625,0.433013,13.5,,0.726562,1,0.25,0.0833333,0.5
SAGAT_Q2,SAGAT correctness for Q2,통합,higher,planned,Wilcoxon signed-rank exact,C4-C5,7,1,0,0.958333,0.144338,0.666667,0.325669,0.75,0.261116,0.625,0.433013,9,,0.4375,1,0.357143,0.125,0.5
SAGAT_Q3,SAGAT correctness for Q3,토마토 수확,higher,planned,Friedman,C1-C5,12,0.583333,0.514929,0.25,0.452267,0.25,0.452267,0.333333,0.492366,0.416667,0.514929,3.86207,4,0.424994,,0.0804598,,
SAGAT_Q3,SAGAT correctness for Q3,토마토 수확,higher,planned,Wilcoxon signed-rank exact,C3-C1,8,0.583333,0.514929,0.25,0.452267,0.25,0.452267,0.333333,0.492366,0.416667,0.514929,9,,0.289062,1,-0.5,-0.333333,-1
SAGAT_Q3,SAGAT correctness for Q3,토마토 수확,higher,planned,Wilcoxon signed-rank exact,C3-C2,6,0.583333,0.514929,0.25,0.452267,0.25,0.452267,0.333333,0.492366,0.416667,0.514929,10.5,,1,1,0,0,0
SAGAT_Q3,SAGAT correctness for Q3,토마토 수확,higher,planned,Wilcoxon signed-rank exact,C3-C5,8,0.583333,0.514929,0.25,0.452267,0.25,0.452267,0.333333,0.492366,0.416667,0.514929,13.5,,0.726562,1,-0.25,-0.166667,-1
SAGAT_Q3,SAGAT correctness for Q3,토마토 수확,higher,planned,Wilcoxon signed-rank exact,C4-C1,5,0.583333,0.514929,0.25,0.452267,0.25,0.452267,0.333333,0.492366,0.416667,0.514929,3,,0.375,1,-0.6,-0.25,-1
SAGAT_Q3,SAGAT correctness for Q3,토마토 수확,higher,planned,Wilcoxon signed-rank exact,C4-C2,3,0.583333,0.514929,0.25,0.452267,0.25,0.452267,0.333333,0.492366,0.416667,0.514929,2,,1,1,0.333333,0.0833333,1
SAGAT_Q3,SAGAT correctness for Q3,토마토 수확,higher,planned,Wilcoxon signed-rank exact,C4-C3,7,0.583333,0.514929,0.25,0.452267,0.25,0.452267,0.333333,0.492366,0.416667,0.514929,12,,1,1,0.142857,0.0833333,1
SAGAT_Q3,SAGAT correctness for Q3,토마토 수확,higher,planned,Wilcoxon signed-rank exact,C4-C5,5,0.583333,0.514929,0.25,0.452267,0.25,0.452267,0.333333,0.492366,0.416667,0.514929,6,,1,1,-0.2,-0.0833333,-1
SAGAT_Q3,SAGAT correctness for Q3,분리수거,higher,planned,Friedman,C1-C5,12,0.25,0.452267,0.333333,0.492366,0.25,0.452267,0.0833333,0.288675,0.416667,0.514929,3.66667,4,0.452993,,0.0763889,,
SAGAT_Q3,SAGAT correctness for Q3,분리수거,higher,planned,Wilcoxon signed-rank exact,C3-C1,4,0.25,0.452267,0.333333,0.492366,0.25,0.452267,0.0833333,0.288675,0.416667,0.514929,5,,1,1,0,0,0
SAGAT_Q3,SAGAT correctness for Q3,분리수거,higher,planned,Wilcoxon signed-rank exact,C3-C2,3,0.25,0.452267,0.333333,0.492366,0.25,0.452267,0.0833333,0.288675,0.416667,0.514929,2,,1,1,-0.333333,-0.0833333,-1
SAGAT_Q3,SAGAT correctness for Q3,분리수거,higher,planned,Wilcoxon signed-rank exact,C3-C5,6,0.25,0.452267,0.333333,0.492366,0.25,0.452267,0.0833333,0.288675,0.416667,0.514929,7,,0.6875,1,-0.333333,-0.166667,-1
SAGAT_Q3,SAGAT correctness for Q3,분리수거,higher,planned,Wilcoxon signed-rank exact,C4-C1,4,0.25,0.452267,0.333333,0.492366,0.25,0.452267,0.0833333,0.288675,0.416667,0.514929,2.5,,0.625,1,-0.5,-0.166667,-1
SAGAT_Q3,SAGAT correctness for Q3,분리수거,higher,planned,Wilcoxon signed-rank exact,C4-C2,5,0.25,0.452267,0.333333,0.492366,0.25,0.452267,0.0833333,0.288675,0.416667,0.514929,3,,0.375,1,-0.6,-0.25,-1
SAGAT_Q3,SAGAT correctness for Q3,분리수거,higher,planned,Wilcoxon signed-rank exact,C4-C3,4,0.25,0.452267,0.333333,0.492366,0.25,0.452267,0.0833333,0.288675,0.416667,0.514929,2.5,,0.625,1,-0.5,-0.166667,-1
SAGAT_Q3,SAGAT correctness for Q3,분리수거,higher,planned,Wilcoxon signed-rank exact,C4-C5,4,0.25,0.452267,0.333333,0.492366,0.25,0.452267,0.0833333,0.288675,0.416667,0.514929,0,,0.125,0.875,-1,-0.333333,-1
SAGAT_Q3,SAGAT correctness for Q3,통합,higher,planned,Friedman,C1-C5,12,0.416667,0.288675,0.291667,0.334279,0.25,0.3371,0.208333,0.334279,0.416667,0.35887,4.21302,4,0.377944,,0.0877712,,
SAGAT_Q3,SAGAT correctness for Q3,통합,higher,planned,Wilcoxon signed-rank exact,C3-C1,8,0.416667,0.288675,0.291667,0.334279,0.25,0.3371,0.208333,0.334279,0.416667,0.35887,9,,0.289062,1,-0.5,-0.166667,-0.5
SAGAT_Q3,SAGAT correctness for Q3,통합,higher,planned,Wilcoxon signed-rank exact,C3-C2,5,0.416667,0.288675,0.291667,0.334279,0.25,0.3371,0.208333,0.334279,0.416667,0.35887,6,,1,1,-0.2,-0.0416667,-0.5
SAGAT_Q3,SAGAT correctness for Q3,통합,higher,planned,Wilcoxon signed-rank exact,C3-C5,9,0.416667,0.288675,0.291667,0.334279,0.25,0.3371,0.208333,0.334279,0.416667,0.35887,15,,0.480469,1,-0.333333,-0.166667,-0.5
SAGAT_Q3,SAGAT correctness for Q3,통합,higher,planned,Wilcoxon signed-rank exact,C4-C1,8,0.416667,0.288675,0.291667,0.334279,0.25,0.3371,0.208333,0.334279,0.416667,0.35887,8,,0.234375,1,-0.555556,-0.208333,-0.5
SAGAT_Q3,SAGAT correctness for Q3,통합,higher,planned,Wilcoxon signed-rank exact,C4-C2,5,0.416667,0.288675,0.291667,0.334279,0.25,0.3371,0.208333,0.334279,0.416667,0.35887,5,,0.75,1,-0.333333,-0.0833333,-0.5
SAGAT_Q3,SAGAT correctness for Q3,통합,higher,planned,Wilcoxon signed-rank exact,C4-C3,7,0.416667,0.288675,0.291667,0.334279,0.25,0.3371,0.208333,0.334279,0.416667,0.35887,12.5,,0.984375,1,-0.107143,-0.0416667,-0.5
SAGAT_Q3,SAGAT correctness for Q3,통합,higher,planned,Wilcoxon signed-rank exact,C4-C5,5,0.416667,0.288675,0.291667,0.334279,0.25,0.3371,0.208333,0.334279,0.416667,0.35887,2,,0.25,1,-0.733333,-0.208333,-0.5
SAGAT_Q4,SAGAT correctness for Q4,토마토 수확,higher,planned,Friedman,C1-C5,12,0.333333,0.492366,0.333333,0.492366,0.583333,0.514929,0.583333,0.514929,0.583333,0.514929,3.27273,4,0.513265,,0.0681818,,
SAGAT_Q4,SAGAT correctness for Q4,토마토 수확,higher,planned,Wilcoxon signed-rank exact,C3-C1,7,0.333333,0.492366,0.333333,0.492366,0.583333,0.514929,0.583333,0.514929,0.583333,0.514929,8,,0.453125,1,0.428571,0.25,1
SAGAT_Q4,SAGAT correctness for Q4,토마토 수확,higher,planned,Wilcoxon signed-rank exact,C3-C2,5,0.333333,0.492366,0.333333,0.492366,0.583333,0.514929,0.583333,0.514929,0.583333,0.514929,3,,0.375,1,0.6,0.25,1
SAGAT_Q4,SAGAT correctness for Q4,토마토 수확,higher,planned,Wilcoxon signed-rank exact,C3-C5,10,0.333333,0.492366,0.333333,0.492366,0.583333,0.514929,0.583333,0.514929,0.583333,0.514929,27.5,,1,1,0,0,0
SAGAT_Q4,SAGAT correctness for Q4,토마토 수확,higher,planned,Wilcoxon signed-rank exact,C4-C1,7,0.333333,0.492366,0.333333,0.492366,0.583333,0.514929,0.583333,0.514929,0.583333,0.514929,8,,0.453125,1,0.428571,0.25,1
SAGAT_Q4,SAGAT correctness for Q4,토마토 수확,higher,planned,Wilcoxon signed-rank exact,C4-C2,7,0.333333,0.492366,0.333333,0.492366,0.583333,0.514929,0.583333,0.514929,0.583333,0.514929,8,,0.453125,1,0.428571,0.25,1
SAGAT_Q4,SAGAT correctness for Q4,토마토 수확,higher,planned,Wilcoxon signed-rank exact,C4-C3,6,0.333333,0.492366,0.333333,0.492366,0.583333,0.514929,0.583333,0.514929,0.583333,0.514929,10.5,,1,1,0,0,0
SAGAT_Q4,SAGAT correctness for Q4,토마토 수확,higher,planned,Wilcoxon signed-rank exact,C4-C5,8,0.333333,0.492366,0.333333,0.492366,0.583333,0.514929,0.583333,0.514929,0.583333,0.514929,18,,1,1,0,0,0
SAGAT_Q4,SAGAT correctness for Q4,분리수거,higher,planned,Friedman,C1-C5,12,0.5,0.522233,0.166667,0.389249,1,0,0.0833333,0.288675,0.5,0.522233,22.1176,4,0.000189897,,0.460784,,
SAGAT_Q4,SAGAT correctness for Q4,분리수거,higher,planned,Wilcoxon signed-rank exact,C3-C1,6,0.5,0.522233,0.166667,0.389249,1,0,0.0833333,0.288675,0.5,0.522233,0,,0.03125,0.15625,1,0.5,1
SAGAT_Q4,SAGAT correctness for Q4,분리수거,higher,planned,Wilcoxon signed-rank exact,C3-C2,10,0.5,0.522233,0.166667,0.389249,1,0,0.0833333,0.288675,0.5,0.522233,0,,0.00195312,0.0117188,1,0.833333,1
SAGAT_Q4,SAGAT correctness for Q4,분리수거,higher,planned,Wilcoxon signed-rank exact,C3-C5,6,0.5,0.522233,0.166667,0.389249,1,0,0.0833333,0.288675,0.5,0.522233,0,,0.03125,0.15625,1,0.5,1
SAGAT_Q4,SAGAT correctness for Q4,분리수거,higher,planned,Wilcoxon signed-rank exact,C4-C1,7,0.5,0.522233,0.166667,0.389249,1,0,0.0833333,0.288675,0.5,0.522233,4,,0.125,0.375,-0.714286,-0.416667,-1
SAGAT_Q4,SAGAT correctness for Q4,분리수거,higher,planned,Wilcoxon signed-rank exact,C4-C2,3,0.5,0.522233,0.166667,0.389249,1,0,0.0833333,0.288675,0.5,0.522233,2,,1,1,-0.333333,-0.0833333,-1
SAGAT_Q4,SAGAT correctness for Q4,분리수거,higher,planned,Wilcoxon signed-rank exact,C4-C3,11,0.5,0.522233,0.166667,0.389249,1,0,0.0833333,0.288675,0.5,0.522233,0,,0.000976562,0.00683594,-1,-0.916667,-1
SAGAT_Q4,SAGAT correctness for Q4,분리수거,higher,planned,Wilcoxon signed-rank exact,C4-C5,7,0.5,0.522233,0.166667,0.389249,1,0,0.0833333,0.288675,0.5,0.522233,4,,0.125,0.375,-0.714286,-0.416667,-1
SAGAT_Q4,SAGAT correctness for Q4,통합,higher,planned,Friedman,C1-C5,12,0.416667,0.417424,0.25,0.3371,0.791667,0.257464,0.333333,0.246183,0.541667,0.334279,15.9268,4,0.00311894,,0.331809,,
SAGAT_Q4,SAGAT correctness for Q4,통합,higher,planned,Wilcoxon signed-rank exact,C3-C1,7,0.416667,0.417424,0.25,0.3371,0.791667,0.257464,0.333333,0.246183,0.541667,0.334279,2,,0.0625,0.3125,0.857143,0.375,1
SAGAT_Q4,SAGAT correctness for Q4,통합,higher,planned,Wilcoxon signed-rank exact,C3-C2,10,0.416667,0.417424,0.25,0.3371,0.791667,0.257464,0.333333,0.246183,0.541667,0.334279,0,,0.00195312,0.0136719,1,0.541667,0.5
SAGAT_Q4,SAGAT correctness for Q4,통합,higher,planned,Wilcoxon signed-rank exact,C3-C5,8,0.416667,0.417424,0.25,0.3371,0.791667,0.257464,0.333333,0.246183,0.541667,0.334279,7,,0.171875,0.6875,0.611111,0.25,0.5
SAGAT_Q4,SAGAT correctness for Q4,통합,higher,planned,Wilcoxon signed-rank exact,C4-C1,7,0.416667,0.417424,0.25,0.3371,0.791667,0.257464,0.333333,0.246183,0.541667,0.334279,10.5,,0.765625,1,-0.25,-0.0833333,-0.5
SAGAT_Q4,SAGAT correctness for Q4,통합,higher,planned,Wilcoxon signed-rank exact,C4-C2,5,0.416667,0.417424,0.25,0.3371,0.791667,0.257464,0.333333,0.246183,0.541667,0.334279,5,,0.75,1,0.333333,0.0833333,0.5
SAGAT_Q4,SAGAT correctness for Q4,통합,higher,planned,Wilcoxon signed-rank exact,C4-C3,9,0.416667,0.417424,0.25,0.3371,0.791667,0.257464,0.333333,0.246183,0.541667,0.334279,0,,0.00390625,0.0234375,-1,-0.458333,-0.5
SAGAT_Q4,SAGAT correctness for Q4,통합,higher,planned,Wilcoxon signed-rank exact,C4-C5,4,0.416667,0.417424,0.25,0.3371,0.791667,0.257464,0.333333,0.246183,0.541667,0.334279,1,,0.25,0.75,-0.8,-0.208333,-1
SAGAT_Q5,SAGAT correctness for Q5,토마토 수확,higher,planned,Friedman,C1-C5,12,0.583333,0.514929,0.75,0.452267,0.666667,0.492366,0.916667,0.288675,0.25,0.452267,11.7333,4,0.0194485,,0.244444,,
SAGAT_Q5,SAGAT correctness for Q5,토마토 수확,higher,planned,Wilcoxon signed-rank exact,C3-C1,5,0.583333,0.514929,0.75,0.452267,0.666667,0.492366,0.916667,0.288675,0.25,0.452267,6,,1,1,0.2,0.0833333,1
SAGAT_Q5,SAGAT correctness for Q5,토마토 수확,higher,planned,Wilcoxon signed-rank exact,C3-C2,5,0.583333,0.514929,0.75,0.452267,0.666667,0.492366,0.916667,0.288675,0.25,0.452267,6,,1,1,-0.2,-0.0833333,-1
SAGAT_Q5,SAGAT correctness for Q5,토마토 수확,higher,planned,Wilcoxon signed-rank exact,C3-C5,7,0.583333,0.514929,0.75,0.452267,0.666667,0.492366,0.916667,0.288675,0.25,0.452267,4,,0.125,0.75,0.714286,0.416667,1
SAGAT_Q5,SAGAT correctness for Q5,토마토 수확,higher,planned,Wilcoxon signed-rank exact,C4-C1,6,0.583333,0.514929,0.75,0.452267,0.666667,0.492366,0.916667,0.288675,0.25,0.452267,3.5,,0.21875,1,0.666667,0.333333,1
SAGAT_Q5,SAGAT correctness for Q5,토마토 수확,higher,planned,Wilcoxon signed-rank exact,C4-C2,4,0.583333,0.514929,0.75,0.452267,0.666667,0.492366,0.916667,0.288675,0.25,0.452267,2.5,,0.625,1,0.5,0.166667,1
SAGAT_Q5,SAGAT correctness for Q5,토마토 수확,higher,planned,Wilcoxon signed-rank exact,C4-C3,3,0.583333,0.514929,0.75,0.452267,0.666667,0.492366,0.916667,0.288675,0.25,0.452267,0,,0.25,1,1,0.25,1
SAGAT_Q5,SAGAT correctness for Q5,토마토 수확,higher,planned,Wilcoxon signed-rank exact,C4-C5,8,0.583333,0.514929,0.75,0.452267,0.666667,0.492366,0.916667,0.288675,0.25,0.452267,0,,0.0078125,0.0546875,1,0.666667,1
SAGAT_Q5,SAGAT correctness for Q5,분리수거,higher,planned,Friedman,C1-C5,12,0,0,0.666667,0.492366,0.5,0.522233,0.333333,0.492366,0.416667,0.514929,10.6667,4,0.030577,,0.222222,,
SAGAT_Q5,SAGAT correctness for Q5,분리수거,higher,planned,Wilcoxon signed-rank exact,C3-C1,6,0,0,0.666667,0.492366,0.5,0.522233,0.333333,0.492366,0.416667,0.514929,0,,0.03125,0.21875,1,0.5,1
SAGAT_Q5,SAGAT correctness for Q5,분리수거,higher,planned,Wilcoxon signed-rank exact,C3-C2,6,0,0,0.666667,0.492366,0.5,0.522233,0.333333,0.492366,0.416667,0.514929,7,,0.6875,1,-0.333333,-0.166667,-1
SAGAT_Q5,SAGAT correctness for Q5,분리수거,higher,planned,Wilcoxon signed-rank exact,C3-C5,9,0,0,0.666667,0.492366,0.5,0.522233,0.333333,0.492366,0.416667,0.514929,20,,1,1,0.111111,0.0833333,1
SAGAT_Q5,SAGAT correctness for Q5,분리수거,higher,planned,Wilcoxon signed-rank exact,C4-C1,4,0,0,0.666667,0.492366,0.5,0.522233,0.333333,0.492366,0.416667,0.514929,0,,0.125,0.75,1,0.333333,1
SAGAT_Q5,SAGAT correctness for Q5,분리수거,higher,planned,Wilcoxon signed-rank exact,C4-C2,6,0,0,0.666667,0.492366,0.5,0.522233,0.333333,0.492366,0.416667,0.514929,3.5,,0.21875,1,-0.666667,-0.333333,-1
SAGAT_Q5,SAGAT correctness for Q5,분리수거,higher,planned,Wilcoxon signed-rank exact,C4-C3,10,0,0,0.666667,0.492366,0.5,0.522233,0.333333,0.492366,0.416667,0.514929,22,,0.753906,1,-0.2,-0.166667,-1
SAGAT_Q5,SAGAT correctness for Q5,분리수거,higher,planned,Wilcoxon signed-rank exact,C4-C5,5,0,0,0.666667,0.492366,0.5,0.522233,0.333333,0.492366,0.416667,0.514929,6,,1,1,-0.2,-0.0833333,-1
SAGAT_Q5,SAGAT correctness for Q5,통합,higher,planned,Friedman,C1-C5,12,0.291667,0.257464,0.708333,0.334279,0.583333,0.35887,0.625,0.310791,0.333333,0.389249,10.3061,4,0.035575,,0.214711,,
SAGAT_Q5,SAGAT correctness for Q5,통합,higher,planned,Wilcoxon signed-rank exact,C3-C1,10,0.291667,0.257464,0.708333,0.334279,0.583333,0.35887,0.625,0.310791,0.333333,0.389249,10,,0.0917969,0.550781,0.636364,0.291667,0.5
SAGAT_Q5,SAGAT correctness for Q5,통합,higher,planned,Wilcoxon signed-rank exact,C3-C2,5,0.291667,0.257464,0.708333,0.334279,0.583333,0.35887,0.625,0.310791,0.333333,0.389249,3,,0.375,1,-0.6,-0.125,-0.5
SAGAT_Q5,SAGAT correctness for Q5,통합,higher,planned,Wilcoxon signed-rank exact,C3-C5,9,0.291667,0.257464,0.708333,0.334279,0.583333,0.35887,0.625,0.310791,0.333333,0.389249,10.5,,0.175781,0.703125,0.533333,0.25,0.5
SAGAT_Q5,SAGAT correctness for Q5,통합,higher,planned,Wilcoxon signed-rank exact,C4-C1,9,0.291667,0.257464,0.708333,0.334279,0.583333,0.35887,0.625,0.310791,0.333333,0.389249,4.5,,0.0351562,0.246094,0.8,0.333333,0.5
SAGAT_Q5,SAGAT correctness for Q5,통합,higher,planned,Wilcoxon signed-rank exact,C4-C2,7,0.291667,0.257464,0.708333,0.334279,0.583333,0.35887,0.625,0.310791,0.333333,0.389249,10.5,,0.765625,1,-0.25,-0.0833333,-0.5
SAGAT_Q5,SAGAT correctness for Q5,통합,higher,planned,Wilcoxon signed-rank exact,C4-C3,8,0.291667,0.257464,0.708333,0.334279,0.583333,0.35887,0.625,0.310791,0.333333,0.389249,16,,1,1,0.111111,0.0416667,0
SAGAT_Q5,SAGAT correctness for Q5,통합,higher,planned,Wilcoxon signed-rank exact,C4-C5,9,0.291667,0.257464,0.708333,0.334279,0.583333,0.35887,0.625,0.310791,0.333333,0.389249,8,,0.113281,0.566406,0.644444,0.291667,0.5
SAGAT_Q6,SAGAT correctness for Q6,토마토 수확,higher,planned,Friedman,C1-C5,12,0.833333,0.389249,0.916667,0.288675,1,0,1,0,1,0,5.33333,4,0.254773,,0.111111,,
SAGAT_Q6,SAGAT correctness for Q6,토마토 수확,higher,planned,Wilcoxon signed-rank exact,C3-C1,2,0.833333,0.389249,0.916667,0.288675,1,0,1,0,1,0,0,,0.5,1,1,0.166667,1
SAGAT_Q6,SAGAT correctness for Q6,토마토 수확,higher,planned,Wilcoxon signed-rank exact,C3-C2,1,0.833333,0.389249,0.916667,0.288675,1,0,1,0,1,0,0,,1,1,1,0.0833333,1
SAGAT_Q6,SAGAT correctness for Q6,토마토 수확,higher,planned,Wilcoxon signed-rank exact,C3-C5,0,0.833333,0.389249,0.916667,0.288675,1,0,1,0,1,0,0,,1,1,0,0,0
SAGAT_Q6,SAGAT correctness for Q6,토마토 수확,higher,planned,Wilcoxon signed-rank exact,C4-C1,2,0.833333,0.389249,0.916667,0.288675,1,0,1,0,1,0,0,,0.5,1,1,0.166667,1
SAGAT_Q6,SAGAT correctness for Q6,토마토 수확,higher,planned,Wilcoxon signed-rank exact,C4-C2,1,0.833333,0.389249,0.916667,0.288675,1,0,1,0,1,0,0,,1,1,1,0.0833333,1
SAGAT_Q6,SAGAT correctness for Q6,토마토 수확,higher,planned,Wilcoxon signed-rank exact,C4-C3,0,0.833333,0.389249,0.916667,0.288675,1,0,1,0,1,0,0,,1,1,0,0,0
SAGAT_Q6,SAGAT correctness for Q6,토마토 수확,higher,planned,Wilcoxon signed-rank exact,C4-C5,0,0.833333,0.389249,0.916667,0.288675,1,0,1,0,1,0,0,,1,1,0,0,0
SAGAT_Q6,SAGAT correctness for Q6,분리수거,higher,planned,Friedman,C1-C5,12,0.75,0.452267,0.916667,0.288675,1,0,0.916667,0.288675,0.75,0.452267,5.53846,4,0.236369,,0.115385,,
SAGAT_Q6,SAGAT correctness for Q6,분리수거,higher,planned,Wilcoxon signed-rank exact,C3-C1,3,0.75,0.452267,0.916667,0.288675,1,0,0.916667,0.288675,0.75,0.452267,0,,0.25,1,1,0.25,1
SAGAT_Q6,SAGAT correctness for Q6,분리수거,higher,planned,Wilcoxon signed-rank exact,C3-C2,1,0.75,0.452267,0.916667,0.288675,1,0,0.916667,0.288675,0.75,0.452267,0,,1,1,1,0.0833333,1
SAGAT_Q6,SAGAT correctness for Q6,분리수거,higher,planned,Wilcoxon signed-rank exact,C3-C5,3,0.75,0.452267,0.916667,0.288675,1,0,0.916667,0.288675,0.75,0.452267,0,,0.25,1,1,0.25,1
SAGAT_Q6,SAGAT correctness for Q6,분리수거,higher,planned,Wilcoxon signed-rank exact,C4-C1,4,0.75,0.452267,0.916667,0.288675,1,0,0.916667,0.288675,0.75,0.452267,2.5,,0.625,1,0.5,0.166667,1
SAGAT_Q6,SAGAT correctness for Q6,분리수거,higher,planned,Wilcoxon signed-rank exact,C4-C2,2,0.75,0.452267,0.916667,0.288675,1,0,0.916667,0.288675,0.75,0.452267,1.5,,1,1,0,0,0
SAGAT_Q6,SAGAT correctness for Q6,분리수거,higher,planned,Wilcoxon signed-rank exact,C4-C3,1,0.75,0.452267,0.916667,0.288675,1,0,0.916667,0.288675,0.75,0.452267,0,,1,1,-1,-0.0833333,-1
SAGAT_Q6,SAGAT correctness for Q6,분리수거,higher,planned,Wilcoxon signed-rank exact,C4-C5,2,0.75,0.452267,0.916667,0.288675,1,0,0.916667,0.288675,0.75,0.452267,0,,0.5,1,1,0.166667,1
SAGAT_Q6,SAGAT correctness for Q6,통합,higher,planned,Friedman,C1-C5,12,0.791667,0.257464,0.916667,0.288675,1,0,0.958333,0.144338,0.875,0.226134,9.52632,4,0.0492093,,0.198465,,
SAGAT_Q6,SAGAT correctness for Q6,통합,higher,planned,Wilcoxon signed-rank exact,C3-C1,5,0.791667,0.257464,0.916667,0.288675,1,0,0.958333,0.144338,0.875,0.226134,0,,0.0625,0.4375,1,0.208333,0.5
SAGAT_Q6,SAGAT correctness for Q6,통합,higher,planned,Wilcoxon signed-rank exact,C3-C2,1,0.791667,0.257464,0.916667,0.288675,1,0,0.958333,0.144338,0.875,0.226134,0,,1,1,1,0.0833333,1
SAGAT_Q6,SAGAT correctness for Q6,통합,higher,planned,Wilcoxon signed-rank exact,C3-C5,3,0.791667,0.257464,0.916667,0.288675,1,0,0.958333,0.144338,0.875,0.226134,0,,0.25,1,1,0.125,0.5
SAGAT_Q6,SAGAT correctness for Q6,통합,higher,planned,Wilcoxon signed-rank exact,C4-C1,4,0.791667,0.257464,0.916667,0.288675,1,0,0.958333,0.144338,0.875,0.226134,0,,0.125,0.75,1,0.166667,0.5
SAGAT_Q6,SAGAT correctness for Q6,통합,higher,planned,Wilcoxon signed-rank exact,C4-C2,2,0.791667,0.257464,0.916667,0.288675,1,0,0.958333,0.144338,0.875,0.226134,1,,1,1,0.333333,0.0416667,0.25
SAGAT_Q6,SAGAT correctness for Q6,통합,higher,planned,Wilcoxon signed-rank exact,C4-C3,1,0.791667,0.257464,0.916667,0.288675,1,0,0.958333,0.144338,0.875,0.226134,0,,1,1,-1,-0.0416667,-0.5
SAGAT_Q6,SAGAT correctness for Q6,통합,higher,planned,Wilcoxon signed-rank exact,C4-C5,2,0.791667,0.257464,0.916667,0.288675,1,0,0.958333,0.144338,0.875,0.226134,0,,0.5,1,1,0.0833333,0.5
NASA_TLX_workload,NASA-TLX workload excluding N4 performance,토마토 수확,lower,planned,Friedman,C1-C5,12,2.1,0.924416,1.65,0.644558,1.88333,0.725927,1.75,0.546892,1.8,0.609023,9.79381,4,0.0440478,,0.204038,,
NASA_TLX_workload,NASA-TLX workload excluding N4 performance,토마토 수확,lower,planned,Wilcoxon signed-rank exact,C3-C1,10,2.1,0.924416,1.65,0.644558,1.88333,0.725927,1.75,0.546892,1.8,0.609023,11,,0.103516,0.621094,-0.6,-0.216667,-0.3
NASA_TLX_workload,NASA-TLX workload excluding N4 performance,토마토 수확,lower,planned,Wilcoxon signed-rank exact,C3-C2,10,2.1,0.924416,1.65,0.644558,1.88333,0.725927,1.75,0.546892,1.8,0.609023,11.5,,0.107422,0.621094,0.581818,0.233333,0.2
NASA_TLX_workload,NASA-TLX workload excluding N4 performance,토마토 수확,lower,planned,Wilcoxon signed-rank exact,C3-C5,7,2.1,0.924416,1.65,0.644558,1.88333,0.725927,1.75,0.546892,1.8,0.609023,10,,0.578125,1,0.285714,0.0833333,0.2
NASA_TLX_workload,NASA-TLX workload excluding N4 performance,토마토 수확,lower,planned,Wilcoxon signed-rank exact,C4-C1,7,2.1,0.924416,1.65,0.644558,1.88333,0.725927,1.75,0.546892,1.8,0.609023,2.5,,0.0625,0.4375,-0.821429,-0.35,-0.6
NASA_TLX_workload,NASA-TLX workload excluding N4 performance,토마토 수확,lower,planned,Wilcoxon signed-rank exact,C4-C2,7,2.1,0.924416,1.65,0.644558,1.88333,0.725927,1.75,0.546892,1.8,0.609023,8.5,,0.421875,1,0.392857,0.1,0.2
NASA_TLX_workload,NASA-TLX workload excluding N4 performance,토마토 수확,lower,planned,Wilcoxon signed-rank exact,C4-C3,6,2.1,0.924416,1.65,0.644558,1.88333,0.725927,1.75,0.546892,1.8,0.609023,3.5,,0.1875,0.75,-0.666667,-0.133333,-0.2
NASA_TLX_workload,NASA-TLX workload excluding N4 performance,토마토 수확,lower,planned,Wilcoxon signed-rank exact,C4-C5,9,2.1,0.924416,1.65,0.644558,1.88333,0.725927,1.75,0.546892,1.8,0.609023,18.5,,0.683594,1,-0.177778,-0.05,-0.2
NASA_TLX_workload,NASA-TLX workload excluding N4 performance,분리수거,lower,planned,Friedman,C1-C5,12,1.98333,0.908379,1.61667,0.507818,2.25,0.994987,1.95,0.853336,2.5,1.03923,20.8041,4,0.000346278,,0.433419,,
NASA_TLX_workload,NASA-TLX workload excluding N4 performance,분리수거,lower,planned,Wilcoxon signed-rank exact,C3-C1,10,1.98333,0.908379,1.61667,0.507818,2.25,0.994987,1.95,0.853336,2.5,1.03923,15.5,,0.244141,0.65625,0.436364,0.266667,0.2
NASA_TLX_workload,NASA-TLX workload excluding N4 performance,분리수거,lower,planned,Wilcoxon signed-rank exact,C3-C2,9,1.98333,0.908379,1.61667,0.507818,2.25,0.994987,1.95,0.853336,2.5,1.03923,1.5,,0.0117188,0.0703125,0.933333,0.633333,0.6
NASA_TLX_workload,NASA-TLX workload excluding N4 performance,분리수거,lower,planned,Wilcoxon signed-rank exact,C3-C5,11,1.98333,0.908379,1.61667,0.507818,2.25,0.994987,1.95,0.853336,2.5,1.03923,13,,0.0742188,0.371094,-0.606061,-0.25,-0.4
NASA_TLX_workload,NASA-TLX workload excluding N4 performance,분리수거,lower,planned,Wilcoxon signed-rank exact,C4-C1,9,1.98333,0.908379,1.61667,0.507818,2.25,0.994987,1.95,0.853336,2.5,1.03923,20,,0.816406,0.816406,-0.111111,-0.0333333,-0.2
NASA_TLX_workload,NASA-TLX workload excluding N4 performance,분리수거,lower,planned,Wilcoxon signed-rank exact,C4-C2,8,1.98333,0.908379,1.61667,0.507818,2.25,0.994987,1.95,0.853336,2.5,1.03923,8.5,,0.21875,0.65625,0.527778,0.333333,0.4
NASA_TLX_workload,NASA-TLX workload excluding N4 performance,분리수거,lower,planned,Wilcoxon signed-rank exact,C4-C3,6,1.98333,0.908379,1.61667,0.507818,2.25,0.994987,1.95,0.853336,2.5,1.03923,2,,0.09375,0.375,-0.809524,-0.3,-0.5
NASA_TLX_workload,NASA-TLX workload excluding N4 performance,분리수거,lower,planned,Wilcoxon signed-rank exact,C4-C5,11,1.98333,0.908379,1.61667,0.507818,2.25,0.994987,1.95,0.853336,2.5,1.03923,0,,0.000976562,0.00683594,-1,-0.55,-0.6
NASA_TLX_workload,NASA-TLX workload excluding N4 performance,통합,lower,planned,Friedman,C1-C5,12,2.04167,0.886729,1.63333,0.563001,2.06667,0.786631,1.85,0.644558,2.15,0.734228,18.8679,4,0.000834318,,0.393082,,
NASA_TLX_workload,NASA-TLX workload excluding N4 performance,통합,lower,planned,Wilcoxon signed-rank exact,C3-C1,10,2.04167,0.886729,1.63333,0.563001,2.06667,0.786631,1.85,0.644558,2.15,0.734228,25,,0.810547,0.810547,0.0909091,0.025,0
NASA_TLX_workload,NASA-TLX workload excluding N4 performance,통합,lower,planned,Wilcoxon signed-rank exact,C3-C2,12,2.04167,0.886729,1.63333,0.563001,2.06667,0.786631,1.85,0.644558,2.15,0.734228,6,,0.00830078,0.0498047,0.846154,0.433333,0.4
NASA_TLX_workload,NASA-TLX workload excluding N4 performance,통합,lower,planned,Wilcoxon signed-rank exact,C3-C5,11,2.04167,0.886729,1.63333,0.563001,2.06667,0.786631,1.85,0.644558,2.15,0.734228,15,,0.115234,0.390625,-0.545455,-0.0833333,-0.1
NASA_TLX_workload,NASA-TLX workload excluding N4 performance,통합,lower,planned,Wilcoxon signed-rank exact,C4-C1,10,2.04167,0.886729,1.63333,0.563001,2.06667,0.786631,1.85,0.644558,2.15,0.734228,10.5,,0.0976562,0.390625,-0.618182,-0.191667,-0.15
NASA_TLX_workload,NASA-TLX workload excluding N4 performance,통합,lower,planned,Wilcoxon signed-rank exact,C4-C2,10,2.04167,0.886729,1.63333,0.563001,2.06667,0.786631,1.85,0.644558,2.15,0.734228,11.5,,0.111328,0.390625,0.581818,0.216667,0.25
NASA_TLX_workload,NASA-TLX workload excluding N4 performance,통합,lower,planned,Wilcoxon signed-rank exact,C4-C3,9,2.04167,0.886729,1.63333,0.563001,2.06667,0.786631,1.85,0.644558,2.15,0.734228,1.5,,0.0117188,0.0585938,-0.933333,-0.216667,-0.3
NASA_TLX_workload,NASA-TLX workload excluding N4 performance,통합,lower,planned,Wilcoxon signed-rank exact,C4-C5,11,2.04167,0.886729,1.63333,0.563001,2.06667,0.786631,1.85,0.644558,2.15,0.734228,0,,0.000976562,0.00683594,-1,-0.3,-0.3
NASA_N1_mental,NASA-TLX mental demand,토마토 수확,lower,planned,Friedman,C1-C5,12,2.58333,1.56428,2.25,1.54479,2.25,1.3568,2.41667,1.31137,2,1.12815,3.83471,4,0.428837,,0.0798898,,
NASA_N1_mental,NASA-TLX mental demand,토마토 수확,lower,planned,Wilcoxon signed-rank exact,C3-C1,4,2.58333,1.56428,2.25,1.54479,2.25,1.3568,2.41667,1.31137,2,1.12815,0,,0.125,0.875,-1,-0.333333,-1
NASA_N1_mental,NASA-TLX mental demand,토마토 수확,lower,planned,Wilcoxon signed-rank exact,C3-C2,6,2.58333,1.56428,2.25,1.54479,2.25,1.3568,2.41667,1.31137,2,1.12815,9,,1,1,0.142857,0,1
NASA_N1_mental,NASA-TLX mental demand,토마토 수확,lower,planned,Wilcoxon signed-rank exact,C3-C5,3,2.58333,1.56428,2.25,1.54479,2.25,1.3568,2.41667,1.31137,2,1.12815,1.5,,0.75,1,0.5,0.25,1
NASA_N1_mental,NASA-TLX mental demand,토마토 수확,lower,planned,Wilcoxon signed-rank exact,C4-C1,5,2.58333,1.56428,2.25,1.54479,2.25,1.3568,2.41667,1.31137,2,1.12815,5,,0.75,1,-0.333333,-0.166667,-1
NASA_N1_mental,NASA-TLX mental demand,토마토 수확,lower,planned,Wilcoxon signed-rank exact,C4-C2,3,2.58333,1.56428,2.25,1.54479,2.25,1.3568,2.41667,1.31137,2,1.12815,1.5,,0.75,1,0.5,0.166667,1
NASA_N1_mental,NASA-TLX mental demand,토마토 수확,lower,planned,Wilcoxon signed-rank exact,C4-C3,5,2.58333,1.56428,2.25,1.54479,2.25,1.3568,2.41667,1.31137,2,1.12815,5,,0.75,1,0.333333,0.166667,1
NASA_N1_mental,NASA-TLX mental demand,토마토 수확,lower,planned,Wilcoxon signed-rank exact,C4-C5,7,2.58333,1.56428,2.25,1.54479,2.25,1.3568,2.41667,1.31137,2,1.12815,9,,0.4375,1,0.357143,0.416667,1
NASA_N1_mental,NASA-TLX mental demand,분리수거,lower,planned,Friedman,C1-C5,12,1.91667,1.08362,2.08333,1.24011,2.58333,1.62135,2.33333,1.23091,3.33333,1.72328,18.6099,4,0.000937458,,0.387707,,
NASA_N1_mental,NASA-TLX mental demand,분리수거,lower,planned,Wilcoxon signed-rank exact,C3-C1,6,1.91667,1.08362,2.08333,1.24011,2.58333,1.62135,2.33333,1.23091,3.33333,1.72328,2.5,,0.15625,0.625,0.761905,0.666667,1
NASA_N1_mental,NASA-TLX mental demand,분리수거,lower,planned,Wilcoxon signed-rank exact,C3-C2,6,1.91667,1.08362,2.08333,1.24011,2.58333,1.62135,2.33333,1.23091,3.33333,1.72328,5,,0.375,1,0.52381,0.5,1
NASA_N1_mental,NASA-TLX mental demand,분리수거,lower,planned,Wilcoxon signed-rank exact,C3-C5,7,1.91667,1.08362,2.08333,1.24011,2.58333,1.62135,2.33333,1.23091,3.33333,1.72328,0,,0.015625,0.09375,-1,-0.75,-1
NASA_N1_mental,NASA-TLX mental demand,분리수거,lower,planned,Wilcoxon signed-rank exact,C4-C1,4,1.91667,1.08362,2.08333,1.24011,2.58333,1.62135,2.33333,1.23091,3.33333,1.72328,0,,0.125,0.625,1,0.416667,1
NASA_N1_mental,NASA-TLX mental demand,분리수거,lower,planned,Wilcoxon signed-rank exact,C4-C2,5,1.91667,1.08362,2.08333,1.24011,2.58333,1.62135,2.33333,1.23091,3.33333,1.72328,5,,0.6875,1,0.333333,0.25,1
NASA_N1_mental,NASA-TLX mental demand,분리수거,lower,planned,Wilcoxon signed-rank exact,C4-C3,6,1.91667,1.08362,2.08333,1.24011,2.58333,1.62135,2.33333,1.23091,3.33333,1.72328,7.5,,0.65625,1,-0.285714,-0.25,0
NASA_N1_mental,NASA-TLX mental demand,분리수거,lower,planned,Wilcoxon signed-rank exact,C4-C5,8,1.91667,1.08362,2.08333,1.24011,2.58333,1.62135,2.33333,1.23091,3.33333,1.72328,0,,0.0078125,0.0546875,-1,-1,-1
NASA_N1_mental,NASA-TLX mental demand,통합,lower,planned,Friedman,C1-C5,12,2.25,1.27029,2.16667,1.30268,2.41667,1.41153,2.375,1.15059,2.66667,1.24924,7.375,4,0.117349,,0.153646,,
NASA_N1_mental,NASA-TLX mental demand,통합,lower,planned,Wilcoxon signed-rank exact,C3-C1,7,2.25,1.27029,2.16667,1.30268,2.41667,1.41153,2.375,1.15059,2.66667,1.24924,10,,0.578125,1,0.285714,0.166667,0.5
NASA_N1_mental,NASA-TLX mental demand,통합,lower,planned,Wilcoxon signed-rank exact,C3-C2,7,2.25,1.27029,2.16667,1.30268,2.41667,1.41153,2.375,1.15059,2.66667,1.24924,8.5,,0.40625,1,0.392857,0.25,1
NASA_N1_mental,NASA-TLX mental demand,통합,lower,planned,Wilcoxon signed-rank exact,C3-C5,8,2.25,1.27029,2.16667,1.30268,2.41667,1.41153,2.375,1.15059,2.66667,1.24924,8,,0.148438,1,-0.555556,-0.25,-0.5
NASA_N1_mental,NASA-TLX mental demand,통합,lower,planned,Wilcoxon signed-rank exact,C4-C1,6,2.25,1.27029,2.16667,1.30268,2.41667,1.41153,2.375,1.15059,2.66667,1.24924,7.5,,0.65625,1,0.285714,0.125,0.5
NASA_N1_mental,NASA-TLX mental demand,통합,lower,planned,Wilcoxon signed-rank exact,C4-C2,6,2.25,1.27029,2.16667,1.30268,2.41667,1.41153,2.375,1.15059,2.66667,1.24924,6,,0.4375,1,0.428571,0.208333,0.75
NASA_N1_mental,NASA-TLX mental demand,통합,lower,planned,Wilcoxon signed-rank exact,C4-C3,9,2.25,1.27029,2.16667,1.30268,2.41667,1.41153,2.375,1.15059,2.66667,1.24924,21,,0.945312,1,-0.0666667,-0.0416667,-0.5
NASA_N1_mental,NASA-TLX mental demand,통합,lower,planned,Wilcoxon signed-rank exact,C4-C5,6,2.25,1.27029,2.16667,1.30268,2.41667,1.41153,2.375,1.15059,2.66667,1.24924,4,,0.21875,1,-0.619048,-0.291667,-1
NASA_N2_physical,NASA-TLX physical demand,토마토 수확,lower,planned,Friedman,C1-C5,12,1.5,1.16775,1.25,0.621582,1.33333,0.887625,1.25,0.621582,1.25,0.621582,7.07692,4,0.131879,,0.147436,,
NASA_N2_physical,NASA-TLX physical demand,토마토 수확,lower,planned,Wilcoxon signed-rank exact,C3-C1,2,1.5,1.16775,1.25,0.621582,1.33333,0.887625,1.25,0.621582,1.25,0.621582,0,,0.5,1,-1,-0.166667,-1
NASA_N2_physical,NASA-TLX physical demand,토마토 수확,lower,planned,Wilcoxon signed-rank exact,C3-C2,1,1.5,1.16775,1.25,0.621582,1.33333,0.887625,1.25,0.621582,1.25,0.621582,0,,1,1,1,0.0833333,1
NASA_N2_physical,NASA-TLX physical demand,토마토 수확,lower,planned,Wilcoxon signed-rank exact,C3-C5,1,1.5,1.16775,1.25,0.621582,1.33333,0.887625,1.25,0.621582,1.25,0.621582,0,,1,1,1,0.0833333,1
NASA_N2_physical,NASA-TLX physical demand,토마토 수확,lower,planned,Wilcoxon signed-rank exact,C4-C1,2,1.5,1.16775,1.25,0.621582,1.33333,0.887625,1.25,0.621582,1.25,0.621582,0,,0.5,1,-1,-0.25,-1.5
NASA_N2_physical,NASA-TLX physical demand,토마토 수확,lower,planned,Wilcoxon signed-rank exact,C4-C2,0,1.5,1.16775,1.25,0.621582,1.33333,0.887625,1.25,0.621582,1.25,0.621582,0,,1,1,0,0,0
NASA_N2_physical,NASA-TLX physical demand,토마토 수확,lower,planned,Wilcoxon signed-rank exact,C4-C3,1,1.5,1.16775,1.25,0.621582,1.33333,0.887625,1.25,0.621582,1.25,0.621582,0,,1,1,-1,-0.0833333,-1
NASA_N2_physical,NASA-TLX physical demand,토마토 수확,lower,planned,Wilcoxon signed-rank exact,C4-C5,0,1.5,1.16775,1.25,0.621582,1.33333,0.887625,1.25,0.621582,1.25,0.621582,0,,1,1,0,0,0
NASA_N2_physical,NASA-TLX physical demand,분리수거,lower,planned,Friedman,C1-C5,12,1.5,1.16775,1.16667,0.389249,1.66667,1.37069,1.5,1.16775,1.41667,1.1645,3.31034,4,0.507295,,0.0689655,,
NASA_N2_physical,NASA-TLX physical demand,분리수거,lower,planned,Wilcoxon signed-rank exact,C3-C1,2,1.5,1.16775,1.16667,0.389249,1.66667,1.37069,1.5,1.16775,1.41667,1.1645,1,,1,1,0.333333,0.166667,1
NASA_N2_physical,NASA-TLX physical demand,분리수거,lower,planned,Wilcoxon signed-rank exact,C3-C2,2,1.5,1.16775,1.16667,0.389249,1.66667,1.37069,1.5,1.16775,1.41667,1.1645,0,,0.5,1,1,0.5,3
NASA_N2_physical,NASA-TLX physical demand,분리수거,lower,planned,Wilcoxon signed-rank exact,C3-C5,2,1.5,1.16775,1.16667,0.389249,1.66667,1.37069,1.5,1.16775,1.41667,1.1645,0,,0.5,1,1,0.25,1.5
NASA_N2_physical,NASA-TLX physical demand,분리수거,lower,planned,Wilcoxon signed-rank exact,C4-C1,2,1.5,1.16775,1.16667,0.389249,1.66667,1.37069,1.5,1.16775,1.41667,1.1645,1.5,,1,1,0,0,0
NASA_N2_physical,NASA-TLX physical demand,분리수거,lower,planned,Wilcoxon signed-rank exact,C4-C2,4,1.5,1.16775,1.16667,0.389249,1.66667,1.37069,1.5,1.16775,1.41667,1.1645,2,,0.5,1,0.6,0.333333,1
NASA_N2_physical,NASA-TLX physical demand,분리수거,lower,planned,Wilcoxon signed-rank exact,C4-C3,3,1.5,1.16775,1.16667,0.389249,1.66667,1.37069,1.5,1.16775,1.41667,1.1645,1.5,,0.75,1,-0.5,-0.166667,-1
NASA_N2_physical,NASA-TLX physical demand,분리수거,lower,planned,Wilcoxon signed-rank exact,C4-C5,1,1.5,1.16775,1.16667,0.389249,1.66667,1.37069,1.5,1.16775,1.41667,1.1645,0,,1,1,1,0.0833333,1
NASA_N2_physical,NASA-TLX physical demand,통합,lower,planned,Friedman,C1-C5,12,1.5,1.14812,1.20833,0.498102,1.5,1.066,1.375,0.856128,1.33333,0.86164,6.70769,4,0.152166,,0.139744,,
NASA_N2_physical,NASA-TLX physical demand,통합,lower,planned,Wilcoxon signed-rank exact,C3-C1,3,1.5,1.14812,1.20833,0.498102,1.5,1.066,1.375,0.856128,1.33333,0.86164,3,,1,1,0,0,-0.5
NASA_N2_physical,NASA-TLX physical demand,통합,lower,planned,Wilcoxon signed-rank exact,C3-C2,2,1.5,1.14812,1.20833,0.498102,1.5,1.066,1.375,0.856128,1.33333,0.86164,0,,0.5,1,1,0.291667,1.75
NASA_N2_physical,NASA-TLX physical demand,통합,lower,planned,Wilcoxon signed-rank exact,C3-C5,3,1.5,1.14812,1.20833,0.498102,1.5,1.066,1.375,0.856128,1.33333,0.86164,0,,0.25,1,1,0.166667,0.5
NASA_N2_physical,NASA-TLX physical demand,통합,lower,planned,Wilcoxon signed-rank exact,C4-C1,2,1.5,1.14812,1.20833,0.498102,1.5,1.066,1.375,0.856128,1.33333,0.86164,0,,0.5,1,-1,-0.125,-0.75
NASA_N2_physical,NASA-TLX physical demand,통합,lower,planned,Wilcoxon signed-rank exact,C4-C2,4,1.5,1.14812,1.20833,0.498102,1.5,1.066,1.375,0.856128,1.33333,0.86164,2,,0.5,1,0.6,0.166667,0.5
NASA_N2_physical,NASA-TLX physical demand,통합,lower,planned,Wilcoxon signed-rank exact,C4-C3,4,1.5,1.14812,1.20833,0.498102,1.5,1.066,1.375,0.856128,1.33333,0.86164,2,,0.5,1,-0.6,-0.125,-0.5
NASA_N2_physical,NASA-TLX physical demand,통합,lower,planned,Wilcoxon signed-rank exact,C4-C5,1,1.5,1.14812,1.20833,0.498102,1.5,1.066,1.375,0.856128,1.33333,0.86164,0,,1,1,1,0.0416667,0.5
NASA_N3_temporal,NASA-TLX temporal demand,토마토 수확,lower,planned,Friedman,C1-C5,12,1.58333,0.668558,1.66667,0.778499,1.5,0.522233,1.41667,0.514929,1.58333,0.514929,5.77778,4,0.21637,,0.12037,,
NASA_N3_temporal,NASA-TLX temporal demand,토마토 수확,lower,planned,Wilcoxon signed-rank exact,C3-C1,1,1.58333,0.668558,1.66667,0.778499,1.5,0.522233,1.41667,0.514929,1.58333,0.514929,0,,1,1,-1,-0.0833333,-1
NASA_N3_temporal,NASA-TLX temporal demand,토마토 수확,lower,planned,Wilcoxon signed-rank exact,C3-C2,2,1.58333,0.668558,1.66667,0.778499,1.5,0.522233,1.41667,0.514929,1.58333,0.514929,0,,0.5,1,-1,-0.166667,-1
NASA_N3_temporal,NASA-TLX temporal demand,토마토 수확,lower,planned,Wilcoxon signed-rank exact,C3-C5,1,1.58333,0.668558,1.66667,0.778499,1.5,0.522233,1.41667,0.514929,1.58333,0.514929,0,,1,1,-1,-0.0833333,-1
NASA_N3_temporal,NASA-TLX temporal demand,토마토 수확,lower,planned,Wilcoxon signed-rank exact,C4-C1,2,1.58333,0.668558,1.66667,0.778499,1.5,0.522233,1.41667,0.514929,1.58333,0.514929,0,,0.5,1,-1,-0.166667,-1
NASA_N3_temporal,NASA-TLX temporal demand,토마토 수확,lower,planned,Wilcoxon signed-rank exact,C4-C2,3,1.58333,0.668558,1.66667,0.778499,1.5,0.522233,1.41667,0.514929,1.58333,0.514929,0,,0.25,1,-1,-0.25,-1
NASA_N3_temporal,NASA-TLX temporal demand,토마토 수확,lower,planned,Wilcoxon signed-rank exact,C4-C3,1,1.58333,0.668558,1.66667,0.778499,1.5,0.522233,1.41667,0.514929,1.58333,0.514929,0,,1,1,-1,-0.0833333,-1
NASA_N3_temporal,NASA-TLX temporal demand,토마토 수확,lower,planned,Wilcoxon signed-rank exact,C4-C5,2,1.58333,0.668558,1.66667,0.778499,1.5,0.522233,1.41667,0.514929,1.58333,0.514929,0,,0.5,1,-1,-0.166667,-1
NASA_N3_temporal,NASA-TLX temporal demand,분리수거,lower,planned,Friedman,C1-C5,12,1.58333,0.514929,1.58333,0.668558,1.91667,1.1645,1.75,0.621582,1.91667,0.792961,4,4,0.406006,,0.0833333,,
NASA_N3_temporal,NASA-TLX temporal demand,분리수거,lower,planned,Wilcoxon signed-rank exact,C3-C1,4,1.58333,0.514929,1.58333,0.668558,1.91667,1.1645,1.75,0.621582,1.91667,0.792961,2,,0.5,1,0.6,0.333333,1
NASA_N3_temporal,NASA-TLX temporal demand,분리수거,lower,planned,Wilcoxon signed-rank exact,C3-C2,4,1.58333,0.514929,1.58333,0.668558,1.91667,1.1645,1.75,0.621582,1.91667,0.792961,1.5,,0.375,1,0.7,0.333333,1.5
NASA_N3_temporal,NASA-TLX temporal demand,분리수거,lower,planned,Wilcoxon signed-rank exact,C3-C5,4,1.58333,0.514929,1.58333,0.668558,1.91667,1.1645,1.75,0.621582,1.91667,0.792961,5,,1,1,0,0,0
NASA_N3_temporal,NASA-TLX temporal demand,분리수거,lower,planned,Wilcoxon signed-rank exact,C4-C1,2,1.58333,0.514929,1.58333,0.668558,1.91667,1.1645,1.75,0.621582,1.91667,0.792961,0,,0.5,1,1,0.166667,1
NASA_N3_temporal,NASA-TLX temporal demand,분리수거,lower,planned,Wilcoxon signed-rank exact,C4-C2,4,1.58333,0.514929,1.58333,0.668558,1.91667,1.1645,1.75,0.621582,1.91667,0.792961,2.5,,0.625,1,0.5,0.166667,1
NASA_N3_temporal,NASA-TLX temporal demand,분리수거,lower,planned,Wilcoxon signed-rank exact,C4-C3,6,1.58333,0.514929,1.58333,0.668558,1.91667,1.1645,1.75,0.621582,1.91667,0.792961,9,,1,1,-0.142857,-0.166667,0
NASA_N3_temporal,NASA-TLX temporal demand,분리수거,lower,planned,Wilcoxon signed-rank exact,C4-C5,5,1.58333,0.514929,1.58333,0.668558,1.91667,1.1645,1.75,0.621582,1.91667,0.792961,5,,0.75,1,-0.333333,-0.166667,-1
NASA_N3_temporal,NASA-TLX temporal demand,통합,lower,planned,Friedman,C1-C5,12,1.58333,0.55732,1.625,0.678401,1.70833,0.78214,1.58333,0.514929,1.75,0.583874,1.4902,4,0.828377,,0.0310458,,
NASA_N3_temporal,NASA-TLX temporal demand,통합,lower,planned,Wilcoxon signed-rank exact,C3-C1,4,1.58333,0.55732,1.625,0.678401,1.70833,0.78214,1.58333,0.514929,1.75,0.583874,2,,0.5,1,0.6,0.125,0.5
NASA_N3_temporal,NASA-TLX temporal demand,통합,lower,planned,Wilcoxon signed-rank exact,C3-C2,5,1.58333,0.55732,1.625,0.678401,1.70833,0.78214,1.58333,0.514929,1.75,0.583874,5,,0.75,1,0.333333,0.0833333,0.5
NASA_N3_temporal,NASA-TLX temporal demand,통합,lower,planned,Wilcoxon signed-rank exact,C3-C5,4,1.58333,0.55732,1.625,0.678401,1.70833,0.78214,1.58333,0.514929,1.75,0.583874,4.5,,1,1,-0.1,-0.0416667,0
NASA_N3_temporal,NASA-TLX temporal demand,통합,lower,planned,Wilcoxon signed-rank exact,C4-C1,4,1.58333,0.55732,1.625,0.678401,1.70833,0.78214,1.58333,0.514929,1.75,0.583874,5,,1,1,0,0,0
NASA_N3_temporal,NASA-TLX temporal demand,통합,lower,planned,Wilcoxon signed-rank exact,C4-C2,4,1.58333,0.55732,1.625,0.678401,1.70833,0.78214,1.58333,0.514929,1.75,0.583874,4,,1,1,-0.2,-0.0416667,0
NASA_N3_temporal,NASA-TLX temporal demand,통합,lower,planned,Wilcoxon signed-rank exact,C4-C3,7,1.58333,0.55732,1.625,0.678401,1.70833,0.78214,1.58333,0.514929,1.75,0.583874,10.5,,0.765625,1,-0.25,-0.125,-0.5
NASA_N3_temporal,NASA-TLX temporal demand,통합,lower,planned,Wilcoxon signed-rank exact,C4-C5,6,1.58333,0.55732,1.625,0.678401,1.70833,0.78214,1.58333,0.514929,1.75,0.583874,5,,0.34375,1,-0.52381,-0.166667,-0.5
NASA_N4_performance,NASA-TLX perceived performance,토마토 수확,higher,planned,Friedman,C1-C5,12,5.25,1.13818,5.91667,0.996205,6.08333,0.792961,5.91667,0.792961,6.16667,0.717741,9.8882,4,0.0423537,,0.206004,,
NASA_N4_performance,NASA-TLX perceived performance,토마토 수확,higher,planned,Wilcoxon signed-rank exact,C3-C1,7,5.25,1.13818,5.91667,0.996205,6.08333,0.792961,5.91667,0.792961,6.16667,0.717741,0,,0.015625,0.109375,1,0.833333,1
NASA_N4_performance,NASA-TLX perceived performance,토마토 수확,higher,planned,Wilcoxon signed-rank exact,C3-C2,7,5.25,1.13818,5.91667,0.996205,6.08333,0.792961,5.91667,0.792961,6.16667,0.717741,12,,0.828125,1,0.142857,0.166667,-1
NASA_N4_performance,NASA-TLX perceived performance,토마토 수확,higher,planned,Wilcoxon signed-rank exact,C3-C5,5,5.25,1.13818,5.91667,0.996205,6.08333,0.792961,5.91667,0.792961,6.16667,0.717741,6,,1,1,-0.2,-0.0833333,-1
NASA_N4_performance,NASA-TLX perceived performance,토마토 수확,higher,planned,Wilcoxon signed-rank exact,C4-C1,8,5.25,1.13818,5.91667,0.996205,6.08333,0.792961,5.91667,0.792961,6.16667,0.717741,7,,0.179688,1,0.611111,0.666667,1
NASA_N4_performance,NASA-TLX perceived performance,토마토 수확,higher,planned,Wilcoxon signed-rank exact,C4-C2,6,5.25,1.13818,5.91667,0.996205,6.08333,0.792961,5.91667,0.792961,6.16667,0.717741,10,,0.9375,1,-0.047619,0,0
NASA_N4_performance,NASA-TLX perceived performance,토마토 수확,higher,planned,Wilcoxon signed-rank exact,C4-C3,4,5.25,1.13818,5.91667,0.996205,6.08333,0.792961,5.91667,0.792961,6.16667,0.717741,2.5,,0.625,1,-0.5,-0.166667,-1
NASA_N4_performance,NASA-TLX perceived performance,토마토 수확,higher,planned,Wilcoxon signed-rank exact,C4-C5,7,5.25,1.13818,5.91667,0.996205,6.08333,0.792961,5.91667,0.792961,6.16667,0.717741,8,,0.453125,1,-0.428571,-0.25,-1
NASA_N4_performance,NASA-TLX perceived performance,분리수거,higher,planned,Friedman,C1-C5,12,5.58333,1.62135,6.16667,1.02986,5.66667,1.43548,6.41667,0.792961,5.25,1.21543,9.88387,4,0.04243,,0.205914,,
NASA_N4_performance,NASA-TLX perceived performance,분리수거,higher,planned,Wilcoxon signed-rank exact,C3-C1,6,5.58333,1.62135,6.16667,1.02986,5.66667,1.43548,6.41667,0.792961,5.25,1.21543,9,,0.78125,1,-0.142857,0.0833333,-0.5
NASA_N4_performance,NASA-TLX perceived performance,분리수거,higher,planned,Wilcoxon signed-rank exact,C3-C2,9,5.58333,1.62135,6.16667,1.02986,5.66667,1.43548,6.41667,0.792961,5.25,1.21543,15,,0.386719,1,-0.333333,-0.5,-1
NASA_N4_performance,NASA-TLX perceived performance,분리수거,higher,planned,Wilcoxon signed-rank exact,C3-C5,9,5.58333,1.62135,6.16667,1.02986,5.66667,1.43548,6.41667,0.792961,5.25,1.21543,15.5,,0.472656,1,0.311111,0.416667,1
NASA_N4_performance,NASA-TLX perceived performance,분리수거,higher,planned,Wilcoxon signed-rank exact,C4-C1,4,5.58333,1.62135,6.16667,1.02986,5.66667,1.43548,6.41667,0.792961,5.25,1.21543,0,,0.125,0.625,1,0.833333,1.5
NASA_N4_performance,NASA-TLX perceived performance,분리수거,higher,planned,Wilcoxon signed-rank exact,C4-C2,5,5.58333,1.62135,6.16667,1.02986,5.66667,1.43548,6.41667,0.792961,5.25,1.21543,5,,0.6875,1,0.333333,0.25,1
NASA_N4_performance,NASA-TLX perceived performance,분리수거,higher,planned,Wilcoxon signed-rank exact,C4-C3,6,5.58333,1.62135,6.16667,1.02986,5.66667,1.43548,6.41667,0.792961,5.25,1.21543,1.5,,0.09375,0.5625,0.857143,0.75,2
NASA_N4_performance,NASA-TLX perceived performance,분리수거,higher,planned,Wilcoxon signed-rank exact,C4-C5,7,5.58333,1.62135,6.16667,1.02986,5.66667,1.43548,6.41667,0.792961,5.25,1.21543,0,,0.015625,0.109375,1,1.16667,2
NASA_N4_performance,NASA-TLX perceived performance,통합,higher,planned,Friedman,C1-C5,12,5.41667,0.733402,6.04167,0.752521,5.875,0.882275,6.16667,0.717741,5.70833,0.864931,7.71963,4,0.102406,,0.160826,,
NASA_N4_performance,NASA-TLX perceived performance,통합,higher,planned,Wilcoxon signed-rank exact,C3-C1,11,5.41667,0.733402,6.04167,0.752521,5.875,0.882275,6.16667,0.717741,5.70833,0.864931,18,,0.212891,0.851562,0.454545,0.458333,0.5
NASA_N4_performance,NASA-TLX perceived performance,통합,higher,planned,Wilcoxon signed-rank exact,C3-C2,10,5.41667,0.733402,6.04167,0.752521,5.875,0.882275,6.16667,0.717741,5.70833,0.864931,23,,0.685547,1,-0.163636,-0.166667,-0.5
NASA_N4_performance,NASA-TLX perceived performance,통합,higher,planned,Wilcoxon signed-rank exact,C3-C5,10,5.41667,0.733402,6.04167,0.752521,5.875,0.882275,6.16667,0.717741,5.70833,0.864931,17,,0.289062,0.867188,0.381818,0.166667,0.5
NASA_N4_performance,NASA-TLX perceived performance,통합,higher,planned,Wilcoxon signed-rank exact,C4-C1,8,5.41667,0.733402,6.04167,0.752521,5.875,0.882275,6.16667,0.717741,5.70833,0.864931,0,,0.0078125,0.0546875,1,0.75,0.75
NASA_N4_performance,NASA-TLX perceived performance,통합,higher,planned,Wilcoxon signed-rank exact,C4-C2,8,5.41667,0.733402,6.04167,0.752521,5.875,0.882275,6.16667,0.717741,5.70833,0.864931,13.5,,0.632812,1,0.25,0.125,0.5
NASA_N4_performance,NASA-TLX perceived performance,통합,higher,planned,Wilcoxon signed-rank exact,C4-C3,8,5.41667,0.733402,6.04167,0.752521,5.875,0.882275,6.16667,0.717741,5.70833,0.864931,7.5,,0.140625,0.703125,0.583333,0.291667,0.75
NASA_N4_performance,NASA-TLX perceived performance,통합,higher,planned,Wilcoxon signed-rank exact,C4-C5,12,5.41667,0.733402,6.04167,0.752521,5.875,0.882275,6.16667,0.717741,5.70833,0.864931,16,,0.0678711,0.407227,0.589744,0.458333,0.5
NASA_N5_effort,NASA-TLX effort,토마토 수확,lower,planned,Friedman,C1-C5,12,3.41667,1.72986,1.91667,1.1645,3.08333,1.56428,2.5,1.31426,2.91667,1.31137,14.2061,4,0.00666562,,0.29596,,
NASA_N5_effort,NASA-TLX effort,토마토 수확,lower,planned,Wilcoxon signed-rank exact,C3-C1,8,3.41667,1.72986,1.91667,1.1645,3.08333,1.56428,2.5,1.31426,2.91667,1.31137,11,,0.34375,0.9375,-0.388889,-0.333333,-1
NASA_N5_effort,NASA-TLX effort,토마토 수확,lower,planned,Wilcoxon signed-rank exact,C3-C2,8,3.41667,1.72986,1.91667,1.1645,3.08333,1.56428,2.5,1.31426,2.91667,1.31137,5.5,,0.09375,0.5625,0.694444,1.16667,2
NASA_N5_effort,NASA-TLX effort,토마토 수확,lower,planned,Wilcoxon signed-rank exact,C3-C5,5,3.41667,1.72986,1.91667,1.1645,3.08333,1.56428,2.5,1.31426,2.91667,1.31137,6,,0.8125,0.9375,0.2,0.166667,1
NASA_N5_effort,NASA-TLX effort,토마토 수확,lower,planned,Wilcoxon signed-rank exact,C4-C1,8,3.41667,1.72986,1.91667,1.1645,3.08333,1.56428,2.5,1.31426,2.91667,1.31137,3,,0.046875,0.328125,-0.833333,-0.916667,-1
NASA_N5_effort,NASA-TLX effort,토마토 수확,lower,planned,Wilcoxon signed-rank exact,C4-C2,6,3.41667,1.72986,1.91667,1.1645,3.08333,1.56428,2.5,1.31426,2.91667,1.31137,5.5,,0.3125,0.9375,0.47619,0.583333,2
NASA_N5_effort,NASA-TLX effort,토마토 수확,lower,planned,Wilcoxon signed-rank exact,C4-C3,4,3.41667,1.72986,1.91667,1.1645,3.08333,1.56428,2.5,1.31426,2.91667,1.31137,0,,0.125,0.625,-1,-0.583333,-2
NASA_N5_effort,NASA-TLX effort,토마토 수확,lower,planned,Wilcoxon signed-rank exact,C4-C5,6,3.41667,1.72986,1.91667,1.1645,3.08333,1.56428,2.5,1.31426,2.91667,1.31137,4,,0.21875,0.875,-0.619048,-0.416667,-1.5
NASA_N5_effort,NASA-TLX effort,분리수거,lower,planned,Friedman,C1-C5,12,3.16667,1.85047,2.08333,0.996205,3.33333,1.66969,2.58333,1.1645,4,1.70561,17.0824,4,0.00186301,,0.355882,,
NASA_N5_effort,NASA-TLX effort,분리수거,lower,planned,Wilcoxon signed-rank exact,C3-C1,5,3.16667,1.85047,2.08333,0.996205,3.33333,1.66969,2.58333,1.1645,4,1.70561,6,,0.8125,0.8125,0.2,0.166667,1
NASA_N5_effort,NASA-TLX effort,분리수거,lower,planned,Wilcoxon signed-rank exact,C3-C2,10,3.16667,1.85047,2.08333,0.996205,3.33333,1.66969,2.58333,1.1645,4,1.70561,5,,0.0214844,0.128906,0.818182,1.25,2
NASA_N5_effort,NASA-TLX effort,분리수거,lower,planned,Wilcoxon signed-rank exact,C3-C5,8,3.16667,1.85047,2.08333,0.996205,3.33333,1.66969,2.58333,1.1645,4,1.70561,6.5,,0.140625,0.5625,-0.638889,-0.666667,-1
NASA_N5_effort,NASA-TLX effort,분리수거,lower,planned,Wilcoxon signed-rank exact,C4-C1,4,3.16667,1.85047,2.08333,0.996205,3.33333,1.66969,2.58333,1.1645,4,1.70561,1,,0.25,0.75,-0.8,-0.583333,-2
NASA_N5_effort,NASA-TLX effort,분리수거,lower,planned,Wilcoxon signed-rank exact,C4-C2,8,3.16667,1.85047,2.08333,0.996205,3.33333,1.66969,2.58333,1.1645,4,1.70561,9,,0.273438,0.75,0.5,0.5,1
NASA_N5_effort,NASA-TLX effort,분리수거,lower,planned,Wilcoxon signed-rank exact,C4-C3,6,3.16667,1.85047,2.08333,0.996205,3.33333,1.66969,2.58333,1.1645,4,1.70561,1.5,,0.09375,0.46875,-0.857143,-0.75,-2
NASA_N5_effort,NASA-TLX effort,분리수거,lower,planned,Wilcoxon signed-rank exact,C4-C5,10,3.16667,1.85047,2.08333,0.996205,3.33333,1.66969,2.58333,1.1645,4,1.70561,0,,0.00195312,0.0136719,-1,-1.41667,-2
NASA_N5_effort,NASA-TLX effort,통합,lower,planned,Friedman,C1-C5,12,3.29167,1.45318,2,0.904534,3.20833,1.43746,2.54167,1.09665,3.45833,1.21465,21.8557,4,0.000214123,,0.455326,,
NASA_N5_effort,NASA-TLX effort,통합,lower,planned,Wilcoxon signed-rank exact,C3-C1,8,3.29167,1.45318,2,0.904534,3.20833,1.43746,2.54167,1.09665,3.45833,1.21465,14.5,,0.789062,0.789062,-0.194444,-0.0833333,-0.5
NASA_N5_effort,NASA-TLX effort,통합,lower,planned,Wilcoxon signed-rank exact,C3-C2,10,3.29167,1.45318,2,0.904534,3.20833,1.43746,2.54167,1.09665,3.45833,1.21465,5,,0.0214844,0.107422,0.818182,1.20833,1.5
NASA_N5_effort,NASA-TLX effort,통합,lower,planned,Wilcoxon signed-rank exact,C3-C5,8,3.29167,1.45318,2,0.904534,3.20833,1.43746,2.54167,1.09665,3.45833,1.21465,8,,0.148438,0.304688,-0.555556,-0.25,-0.5
NASA_N5_effort,NASA-TLX effort,통합,lower,planned,Wilcoxon signed-rank exact,C4-C1,8,3.29167,1.45318,2,0.904534,3.20833,1.43746,2.54167,1.09665,3.45833,1.21465,0,,0.0078125,0.046875,-1,-0.75,-1
NASA_N5_effort,NASA-TLX effort,통합,lower,planned,Wilcoxon signed-rank exact,C4-C2,9,3.29167,1.45318,2,0.904534,3.20833,1.43746,2.54167,1.09665,3.45833,1.21465,8.5,,0.101562,0.304688,0.622222,0.541667,1.5
NASA_N5_effort,NASA-TLX effort,통합,lower,planned,Wilcoxon signed-rank exact,C4-C3,8,3.29167,1.45318,2,0.904534,3.20833,1.43746,2.54167,1.09665,3.45833,1.21465,1.5,,0.0234375,0.107422,-0.916667,-0.666667,-1
NASA_N5_effort,NASA-TLX effort,통합,lower,planned,Wilcoxon signed-rank exact,C4-C5,11,3.29167,1.45318,2,0.904534,3.20833,1.43746,2.54167,1.09665,3.45833,1.21465,0,,0.000976562,0.00683594,-1,-0.916667,-1
NASA_N6_frustration,NASA-TLX frustration,토마토 수확,lower,planned,Friedman,C1-C5,12,1.41667,0.900337,1.16667,0.389249,1.25,0.452267,1.16667,0.389249,1.25,0.452267,1.05882,4,0.900749,,0.0220588,,
NASA_N6_frustration,NASA-TLX frustration,토마토 수확,lower,planned,Wilcoxon signed-rank exact,C3-C1,3,1.41667,0.900337,1.16667,0.389249,1.25,0.452267,1.16667,0.389249,1.25,0.452267,1.5,,0.75,1,-0.5,-0.166667,-1
NASA_N6_frustration,NASA-TLX frustration,토마토 수확,lower,planned,Wilcoxon signed-rank exact,C3-C2,3,1.41667,0.900337,1.16667,0.389249,1.25,0.452267,1.16667,0.389249,1.25,0.452267,2,,1,1,0.333333,0.0833333,1
NASA_N6_frustration,NASA-TLX frustration,토마토 수확,lower,planned,Wilcoxon signed-rank exact,C3-C5,0,1.41667,0.900337,1.16667,0.389249,1.25,0.452267,1.16667,0.389249,1.25,0.452267,0,,1,1,0,0,0
NASA_N6_frustration,NASA-TLX frustration,토마토 수확,lower,planned,Wilcoxon signed-rank exact,C4-C1,3,1.41667,0.900337,1.16667,0.389249,1.25,0.452267,1.16667,0.389249,1.25,0.452267,1.5,,0.75,1,-0.5,-0.25,-1
NASA_N6_frustration,NASA-TLX frustration,토마토 수확,lower,planned,Wilcoxon signed-rank exact,C4-C2,2,1.41667,0.900337,1.16667,0.389249,1.25,0.452267,1.16667,0.389249,1.25,0.452267,1.5,,1,1,0,0,0
NASA_N6_frustration,NASA-TLX frustration,토마토 수확,lower,planned,Wilcoxon signed-rank exact,C4-C3,3,1.41667,0.900337,1.16667,0.389249,1.25,0.452267,1.16667,0.389249,1.25,0.452267,2,,1,1,-0.333333,-0.0833333,-1
NASA_N6_frustration,NASA-TLX frustration,토마토 수확,lower,planned,Wilcoxon signed-rank exact,C4-C5,3,1.41667,0.900337,1.16667,0.389249,1.25,0.452267,1.16667,0.389249,1.25,0.452267,2,,1,1,-0.333333,-0.0833333,-1
NASA_N6_frustration,NASA-TLX frustration,분리수거,lower,planned,Friedman,C1-C5,12,1.75,1.13818,1.16667,0.389249,1.75,0.965307,1.58333,0.996205,1.83333,1.02986,8.61176,4,0.0715709,,0.179412,,
NASA_N6_frustration,NASA-TLX frustration,분리수거,lower,planned,Wilcoxon signed-rank exact,C3-C1,3,1.75,1.13818,1.16667,0.389249,1.75,0.965307,1.58333,0.996205,1.83333,1.02986,3,,1,1,0,0,1
NASA_N6_frustration,NASA-TLX frustration,분리수거,lower,planned,Wilcoxon signed-rank exact,C3-C2,5,1.75,1.13818,1.16667,0.389249,1.75,0.965307,1.58333,0.996205,1.83333,1.02986,0,,0.0625,0.4375,1,0.583333,1
NASA_N6_frustration,NASA-TLX frustration,분리수거,lower,planned,Wilcoxon signed-rank exact,C3-C5,4,1.75,1.13818,1.16667,0.389249,1.75,0.965307,1.58333,0.996205,1.83333,1.02986,4,,1,1,-0.2,-0.0833333,0
NASA_N6_frustration,NASA-TLX frustration,분리수거,lower,planned,Wilcoxon signed-rank exact,C4-C1,4,1.75,1.13818,1.16667,0.389249,1.75,0.965307,1.58333,0.996205,1.83333,1.02986,3.5,,0.75,1,-0.3,-0.166667,-1
NASA_N6_frustration,NASA-TLX frustration,분리수거,lower,planned,Wilcoxon signed-rank exact,C4-C2,2,1.75,1.13818,1.16667,0.389249,1.75,0.965307,1.58333,0.996205,1.83333,1.02986,0,,0.5,1,1,0.416667,2.5
NASA_N6_frustration,NASA-TLX frustration,분리수거,lower,planned,Wilcoxon signed-rank exact,C4-C3,4,1.75,1.13818,1.16667,0.389249,1.75,0.965307,1.58333,0.996205,1.83333,1.02986,2.5,,0.625,1,-0.5,-0.166667,-1
NASA_N6_frustration,NASA-TLX frustration,분리수거,lower,planned,Wilcoxon signed-rank exact,C4-C5,2,1.75,1.13818,1.16667,0.389249,1.75,0.965307,1.58333,0.996205,1.83333,1.02986,0,,0.5,1,-1,-0.25,-1.5
NASA_N6_frustration,NASA-TLX frustration,통합,lower,planned,Friedman,C1-C5,12,1.58333,0.996205,1.16667,0.389249,1.5,0.564076,1.375,0.527645,1.54167,0.620056,5.20755,4,0.266657,,0.108491,,
NASA_N6_frustration,NASA-TLX frustration,통합,lower,planned,Wilcoxon signed-rank exact,C3-C1,4,1.58333,0.996205,1.16667,0.389249,1.5,0.564076,1.375,0.527645,1.54167,0.620056,4,,1,1,0.2,-0.0833333,0.5
NASA_N6_frustration,NASA-TLX frustration,통합,lower,planned,Wilcoxon signed-rank exact,C3-C2,4,1.58333,0.996205,1.16667,0.389249,1.5,0.564076,1.375,0.527645,1.54167,0.620056,0,,0.125,0.875,1,0.333333,1
NASA_N6_frustration,NASA-TLX frustration,통합,lower,planned,Wilcoxon signed-rank exact,C3-C5,4,1.58333,0.996205,1.16667,0.389249,1.5,0.564076,1.375,0.527645,1.54167,0.620056,4,,1,1,-0.2,-0.0416667,0
NASA_N6_frustration,NASA-TLX frustration,통합,lower,planned,Wilcoxon signed-rank exact,C4-C1,5,1.58333,0.996205,1.16667,0.389249,1.5,0.564076,1.375,0.527645,1.54167,0.620056,5,,0.75,1,-0.333333,-0.208333,-0.5
NASA_N6_frustration,NASA-TLX frustration,통합,lower,planned,Wilcoxon signed-rank exact,C4-C2,4,1.58333,0.996205,1.16667,0.389249,1.5,0.564076,1.375,0.527645,1.54167,0.620056,1.5,,0.375,1,0.7,0.208333,0.75
NASA_N6_frustration,NASA-TLX frustration,통합,lower,planned,Wilcoxon signed-rank exact,C4-C3,3,1.58333,0.996205,1.16667,0.389249,1.5,0.564076,1.375,0.527645,1.54167,0.620056,0,,0.25,1,-1,-0.125,-0.5
NASA_N6_frustration,NASA-TLX frustration,통합,lower,planned,Wilcoxon signed-rank exact,C4-C5,5,1.58333,0.996205,1.16667,0.389249,1.5,0.564076,1.375,0.527645,1.54167,0.620056,2.5,,0.3125,1,-0.666667,-0.166667,-0.5
Fatigue,Fatigue,토마토 수확,lower,planned,Friedman,C1-C5,12,2.83333,1.58592,2.16667,1.11464,3,1.65145,2.58333,1.24011,2.91667,1.72986,6.0979,4,0.191955,,0.12704,,
Fatigue,Fatigue,토마토 수확,lower,planned,Wilcoxon signed-rank exact,C3-C1,5,2.83333,1.58592,2.16667,1.11464,3,1.65145,2.58333,1.24011,2.91667,1.72986,5,,0.75,1,0.333333,0.166667,1
Fatigue,Fatigue,토마토 수확,lower,planned,Wilcoxon signed-rank exact,C3-C2,7,2.83333,1.58592,2.16667,1.11464,3,1.65145,2.58333,1.24011,2.91667,1.72986,2,,0.0625,0.4375,0.857143,0.833333,2
Fatigue,Fatigue,토마토 수확,lower,planned,Wilcoxon signed-rank exact,C3-C5,6,2.83333,1.58592,2.16667,1.11464,3,1.65145,2.58333,1.24011,2.91667,1.72986,10,,1,1,0.047619,0.0833333,0
Fatigue,Fatigue,토마토 수확,lower,planned,Wilcoxon signed-rank exact,C4-C1,6,2.83333,1.58592,2.16667,1.11464,3,1.65145,2.58333,1.24011,2.91667,1.72986,6,,0.34375,1,-0.428571,-0.25,-0.5
Fatigue,Fatigue,토마토 수확,lower,planned,Wilcoxon signed-rank exact,C4-C2,4,2.83333,1.58592,2.16667,1.11464,3,1.65145,2.58333,1.24011,2.91667,1.72986,0,,0.125,0.75,1,0.416667,1
Fatigue,Fatigue,토마토 수확,lower,planned,Wilcoxon signed-rank exact,C4-C3,7,2.83333,1.58592,2.16667,1.11464,3,1.65145,2.58333,1.24011,2.91667,1.72986,7.5,,0.375,1,-0.464286,-0.416667,-1
Fatigue,Fatigue,토마토 수확,lower,planned,Wilcoxon signed-rank exact,C4-C5,6,2.83333,1.58592,2.16667,1.11464,3,1.65145,2.58333,1.24011,2.91667,1.72986,5,,0.34375,1,-0.52381,-0.333333,-1
Fatigue,Fatigue,분리수거,lower,planned,Friedman,C1-C5,12,2.66667,1.77525,2.58333,1.72986,3.08333,1.62135,2.75,1.71226,3.25,1.54479,4.72316,4,0.3169,,0.0983992,,
Fatigue,Fatigue,분리수거,lower,planned,Wilcoxon signed-rank exact,C3-C1,7,2.66667,1.77525,2.58333,1.72986,3.08333,1.62135,2.75,1.71226,3.25,1.54479,6,,0.25,1,0.571429,0.416667,1
Fatigue,Fatigue,분리수거,lower,planned,Wilcoxon signed-rank exact,C3-C2,11,2.66667,1.77525,2.58333,1.72986,3.08333,1.62135,2.75,1.71226,3.25,1.54479,22,,0.345703,1,0.333333,0.5,1
Fatigue,Fatigue,분리수거,lower,planned,Wilcoxon signed-rank exact,C3-C5,5,2.66667,1.77525,2.58333,1.72986,3.08333,1.62135,2.75,1.71226,3.25,1.54479,5,,0.75,1,-0.333333,-0.166667,-1
Fatigue,Fatigue,분리수거,lower,planned,Wilcoxon signed-rank exact,C4-C1,4,2.66667,1.77525,2.58333,1.72986,3.08333,1.62135,2.75,1.71226,3.25,1.54479,4,,1,1,0.2,0.0833333,0
Fatigue,Fatigue,분리수거,lower,planned,Wilcoxon signed-rank exact,C4-C2,7,2.66667,1.77525,2.58333,1.72986,3.08333,1.62135,2.75,1.71226,3.25,1.54479,10,,0.59375,1,0.285714,0.166667,1
Fatigue,Fatigue,분리수거,lower,planned,Wilcoxon signed-rank exact,C4-C3,7,2.66667,1.77525,2.58333,1.72986,3.08333,1.62135,2.75,1.71226,3.25,1.54479,7,,0.359375,1,-0.5,-0.333333,-1
Fatigue,Fatigue,분리수거,lower,planned,Wilcoxon signed-rank exact,C4-C5,8,2.66667,1.77525,2.58333,1.72986,3.08333,1.62135,2.75,1.71226,3.25,1.54479,7,,0.171875,1,-0.611111,-0.5,-1
Fatigue,Fatigue,통합,lower,planned,Friedman,C1-C5,12,2.75,1.63067,2.375,1.28142,3.04167,1.45318,2.66667,1.32001,3.08333,1.54968,8.16327,4,0.0857774,,0.170068,,
Fatigue,Fatigue,통합,lower,planned,Wilcoxon signed-rank exact,C3-C1,7,2.75,1.63067,2.375,1.28142,3.04167,1.45318,2.66667,1.32001,3.08333,1.54968,6,,0.265625,0.984375,0.571429,0.291667,0.5
Fatigue,Fatigue,통합,lower,planned,Wilcoxon signed-rank exact,C3-C2,12,2.75,1.63067,2.375,1.28142,3.04167,1.45318,2.66667,1.32001,3.08333,1.54968,14,,0.0527344,0.369141,0.641026,0.666667,0.75
Fatigue,Fatigue,통합,lower,planned,Wilcoxon signed-rank exact,C3-C5,6,2.75,1.63067,2.375,1.28142,3.04167,1.45318,2.66667,1.32001,3.08333,1.54968,9,,0.71875,1,-0.142857,-0.0416667,-0.25
Fatigue,Fatigue,통합,lower,planned,Wilcoxon signed-rank exact,C4-C1,7,2.75,1.63067,2.375,1.28142,3.04167,1.45318,2.66667,1.32001,3.08333,1.54968,12,,0.859375,1,-0.142857,-0.0833333,-0.5
Fatigue,Fatigue,통합,lower,planned,Wilcoxon signed-rank exact,C4-C2,9,2.75,1.63067,2.375,1.28142,3.04167,1.45318,2.66667,1.32001,3.08333,1.54968,12,,0.246094,0.984375,0.466667,0.291667,0.5
Fatigue,Fatigue,통합,lower,planned,Wilcoxon signed-rank exact,C4-C3,9,2.75,1.63067,2.375,1.28142,3.04167,1.45318,2.66667,1.32001,3.08333,1.54968,10,,0.171875,0.859375,-0.555556,-0.375,-1
Fatigue,Fatigue,통합,lower,planned,Wilcoxon signed-rank exact,C4-C5,9,2.75,1.63067,2.375,1.28142,3.04167,1.45318,2.66667,1.32001,3.08333,1.54968,7,,0.0625,0.375,-0.688889,-0.416667,-0.5
SART_demand,SART demand,토마토 수확,lower,planned,Friedman,C1-C5,12,2.52778,1.13225,1.80556,0.822147,2.22222,0.880005,2.02778,0.858215,2.05556,0.874249,11.76,4,0.0192281,,0.245,,
SART_demand,SART demand,토마토 수확,lower,planned,Wilcoxon signed-rank exact,C3-C1,8,2.52778,1.13225,1.80556,0.822147,2.22222,0.880005,2.02778,0.858215,2.05556,0.874249,4,,0.046875,0.328125,-0.777778,-0.305556,-0.500005
SART_demand,SART demand,토마토 수확,lower,planned,Wilcoxon signed-rank exact,C3-C2,9,2.52778,1.13225,1.80556,0.822147,2.22222,0.880005,2.02778,0.858215,2.05556,0.874249,9,,0.121094,0.726562,0.6,0.416667,0.66667
SART_demand,SART demand,토마토 수확,lower,planned,Wilcoxon signed-rank exact,C3-C5,8,2.52778,1.13225,1.80556,0.822147,2.22222,0.880005,2.02778,0.858215,2.05556,0.874249,8,,0.195312,0.78125,0.555556,0.166667,0.33333
SART_demand,SART demand,토마토 수확,lower,planned,Wilcoxon signed-rank exact,C4-C1,10,2.52778,1.13225,1.80556,0.822147,2.22222,0.880005,2.02778,0.858215,2.05556,0.874249,12.5,,0.144531,0.726562,-0.545455,-0.5,-0.66666
SART_demand,SART demand,토마토 수확,lower,planned,Wilcoxon signed-rank exact,C4-C2,9,2.52778,1.13225,1.80556,0.822147,2.22222,0.880005,2.02778,0.858215,2.05556,0.874249,14,,0.34375,1,0.377778,0.222222,0.33333
SART_demand,SART demand,토마토 수확,lower,planned,Wilcoxon signed-rank exact,C4-C3,11,2.52778,1.13225,1.80556,0.822147,2.22222,0.880005,2.02778,0.858215,2.05556,0.874249,22,,0.338867,1,-0.333333,-0.194444,-0.33333
SART_demand,SART demand,토마토 수확,lower,planned,Wilcoxon signed-rank exact,C4-C5,8,2.52778,1.13225,1.80556,0.822147,2.22222,0.880005,2.02778,0.858215,2.05556,0.874249,17.5,,0.992188,1,-0.0277778,-0.0277775,-0.33333
SART_demand,SART demand,분리수거,lower,planned,Friedman,C1-C5,12,2.36111,1.04889,2.63889,1.41748,2.86111,1.30623,2.52778,1.17601,3,1.12815,3.5907,4,0.464222,,0.0748062,,
SART_demand,SART demand,분리수거,lower,planned,Wilcoxon signed-rank exact,C3-C1,10,2.36111,1.04889,2.63889,1.41748,2.86111,1.30623,2.52778,1.17601,3,1.12815,10.5,,0.0917969,0.642578,0.618182,0.500001,0.833335
SART_demand,SART demand,분리수거,lower,planned,Wilcoxon signed-rank exact,C3-C2,10,2.36111,1.04889,2.63889,1.41748,2.86111,1.30623,2.52778,1.17601,3,1.12815,20.5,,0.509766,1,0.254545,0.222223,5e-06
SART_demand,SART demand,분리수거,lower,planned,Wilcoxon signed-rank exact,C3-C5,11,2.36111,1.04889,2.63889,1.41748,2.86111,1.30623,2.52778,1.17601,3,1.12815,26.5,,0.585938,1,-0.19697,-0.138889,-0.66667
SART_demand,SART demand,분리수거,lower,planned,Wilcoxon signed-rank exact,C4-C1,8,2.36111,1.04889,2.63889,1.41748,2.86111,1.30623,2.52778,1.17601,3,1.12815,12,,0.4375,1,0.333333,0.166667,0.33333
SART_demand,SART demand,분리수거,lower,planned,Wilcoxon signed-rank exact,C4-C2,11,2.36111,1.04889,2.63889,1.41748,2.86111,1.30623,2.52778,1.17601,3,1.12815,29.5,,0.782227,1,-0.106061,-0.11111,-0.33333
SART_demand,SART demand,분리수거,lower,planned,Wilcoxon signed-rank exact,C4-C3,9,2.36111,1.04889,2.63889,1.41748,2.86111,1.30623,2.52778,1.17601,3,1.12815,8,,0.09375,0.642578,-0.644444,-0.333333,-0.66666
SART_demand,SART demand,분리수거,lower,planned,Wilcoxon signed-rank exact,C4-C5,9,2.36111,1.04889,2.63889,1.41748,2.86111,1.30623,2.52778,1.17601,3,1.12815,8.5,,0.0976562,0.642578,-0.622222,-0.472222,-0.66667
SART_demand,SART demand,통합,lower,planned,Friedman,C1-C5,12,2.44444,0.880005,2.22222,1.01088,2.54167,0.953794,2.27778,0.877131,2.52778,0.819069,3.8894,4,0.421181,,0.0810292,,
SART_demand,SART demand,통합,lower,planned,Wilcoxon signed-rank exact,C3-C1,10,2.44444,0.880005,2.22222,1.01088,2.54167,0.953794,2.27778,0.877131,2.52778,0.819069,21.5,,0.568359,1,0.218182,0.0972225,0.16667
SART_demand,SART demand,통합,lower,planned,Wilcoxon signed-rank exact,C3-C2,7,2.44444,0.880005,2.22222,1.01088,2.54167,0.953794,2.27778,0.877131,2.52778,0.819069,6,,0.21875,1,0.571429,0.319443,1
SART_demand,SART demand,통합,lower,planned,Wilcoxon signed-rank exact,C3-C5,12,2.44444,0.880005,2.22222,1.01088,2.54167,0.953794,2.27778,0.877131,2.52778,0.819069,38.5,,0.984863,1,0.0128205,0.0138875,0.083335
SART_demand,SART demand,통합,lower,planned,Wilcoxon signed-rank exact,C4-C1,9,2.44444,0.880005,2.22222,1.01088,2.54167,0.953794,2.27778,0.877131,2.52778,0.819069,13,,0.289062,1,-0.422222,-0.166665,-0.33334
SART_demand,SART demand,통합,lower,planned,Wilcoxon signed-rank exact,C4-C2,11,2.44444,0.880005,2.22222,1.01088,2.54167,0.953794,2.27778,0.877131,2.52778,0.819069,32.5,,0.985352,1,0.0151515,0.0555558,-0.16666
SART_demand,SART demand,통합,lower,planned,Wilcoxon signed-rank exact,C4-C3,9,2.44444,0.880005,2.22222,1.01088,2.54167,0.953794,2.27778,0.877131,2.52778,0.819069,3.5,,0.0234375,0.164062,-0.844444,-0.263888,-0.33333
SART_demand,SART demand,통합,lower,planned,Wilcoxon signed-rank exact,C4-C5,10,2.44444,0.880005,2.22222,1.01088,2.54167,0.953794,2.27778,0.877131,2.52778,0.819069,11.5,,0.111328,0.667969,-0.581818,-0.25,-0.33333
SART_supply,SART supply,토마토 수확,higher,planned,Friedman,C1-C5,12,3.77083,1.04152,4.04167,0.789371,4.20833,1.17663,4.45833,1.33073,4.20833,1.1473,2.20628,4,0.69788,,0.0459641,,
SART_supply,SART supply,토마토 수확,higher,planned,Wilcoxon signed-rank exact,C3-C1,10,3.77083,1.04152,4.04167,0.789371,4.20833,1.17663,4.45833,1.33073,4.20833,1.1473,12.5,,0.140625,0.84375,0.545455,0.4375,0.5
SART_supply,SART supply,토마토 수확,higher,planned,Wilcoxon signed-rank exact,C3-C2,9,3.77083,1.04152,4.04167,0.789371,4.20833,1.17663,4.45833,1.33073,4.20833,1.1473,20,,0.804688,1,0.111111,0.166667,-0.25
SART_supply,SART supply,토마토 수확,higher,planned,Wilcoxon signed-rank exact,C3-C5,11,3.77083,1.04152,4.04167,0.789371,4.20833,1.17663,4.45833,1.33073,4.20833,1.1473,31.5,,0.923828,1,-0.0454545,0,-0.25
SART_supply,SART supply,토마토 수확,higher,planned,Wilcoxon signed-rank exact,C4-C1,11,3.77083,1.04152,4.04167,0.789371,4.20833,1.17663,4.45833,1.33073,4.20833,1.1473,13,,0.0849609,0.594727,0.606061,0.6875,0.75
SART_supply,SART supply,토마토 수확,higher,planned,Wilcoxon signed-rank exact,C4-C2,10,3.77083,1.04152,4.04167,0.789371,4.20833,1.17663,4.45833,1.33073,4.20833,1.1473,16,,0.265625,1,0.418182,0.416667,0.25
SART_supply,SART supply,토마토 수확,higher,planned,Wilcoxon signed-rank exact,C4-C3,10,3.77083,1.04152,4.04167,0.789371,4.20833,1.17663,4.45833,1.33073,4.20833,1.1473,20,,0.458984,1,0.272727,0.25,0.25
SART_supply,SART supply,토마토 수확,higher,planned,Wilcoxon signed-rank exact,C4-C5,12,3.77083,1.04152,4.04167,0.789371,4.20833,1.17663,4.45833,1.33073,4.20833,1.1473,25,,0.297852,1,0.358974,0.25,0.125
SART_supply,SART supply,분리수거,higher,planned,Friedman,C1-C5,12,3.9375,1.06667,4.125,1.18466,4.10417,1.05775,3.875,1.22706,4.35417,1.34612,2.03571,4,0.72919,,0.0424107,,
SART_supply,SART supply,분리수거,higher,planned,Wilcoxon signed-rank exact,C3-C1,12,3.9375,1.06667,4.125,1.18466,4.10417,1.05775,3.875,1.22706,4.35417,1.34612,36.5,,0.868652,1,0.0641026,0.166667,0.25
SART_supply,SART supply,분리수거,higher,planned,Wilcoxon signed-rank exact,C3-C2,12,3.9375,1.06667,4.125,1.18466,4.10417,1.05775,3.875,1.22706,4.35417,1.34612,36.5,,0.856934,1,-0.0641026,-0.0208333,-0.25
SART_supply,SART supply,분리수거,higher,planned,Wilcoxon signed-rank exact,C3-C5,11,3.9375,1.06667,4.125,1.18466,4.10417,1.05775,3.875,1.22706,4.35417,1.34612,24,,0.463867,1,-0.272727,-0.25,-0.25
SART_supply,SART supply,분리수거,higher,planned,Wilcoxon signed-rank exact,C4-C1,8,3.9375,1.06667,4.125,1.18466,4.10417,1.05775,3.875,1.22706,4.35417,1.34612,10,,0.3125,1,-0.444444,-0.0625,-0.375
SART_supply,SART supply,분리수거,higher,planned,Wilcoxon signed-rank exact,C4-C2,9,3.9375,1.06667,4.125,1.18466,4.10417,1.05775,3.875,1.22706,4.35417,1.34612,14,,0.34375,1,-0.377778,-0.25,-0.5
SART_supply,SART supply,분리수거,higher,planned,Wilcoxon signed-rank exact,C4-C3,11,3.9375,1.06667,4.125,1.18466,4.10417,1.05775,3.875,1.22706,4.35417,1.34612,19,,0.227539,1,-0.424242,-0.229167,-0.5
SART_supply,SART supply,분리수거,higher,planned,Wilcoxon signed-rank exact,C4-C5,11,3.9375,1.06667,4.125,1.18466,4.10417,1.05775,3.875,1.22706,4.35417,1.34612,16.5,,0.15332,1,-0.5,-0.479167,-0.5
SART_supply,SART supply,통합,higher,planned,Friedman,C1-C5,12,3.85417,1.03055,4.08333,0.864931,4.15625,1.0568,4.16667,1.11337,4.28125,1.20384,0.299559,4,0.989843,,0.00624082,,
SART_supply,SART supply,통합,higher,planned,Wilcoxon signed-rank exact,C3-C1,11,3.85417,1.03055,4.08333,0.864931,4.15625,1.0568,4.16667,1.11337,4.28125,1.20384,23.5,,0.426758,1,0.287879,0.302083,0.25
SART_supply,SART supply,통합,higher,planned,Wilcoxon signed-rank exact,C3-C2,12,3.85417,1.03055,4.08333,0.864931,4.15625,1.0568,4.16667,1.11337,4.28125,1.20384,35,,0.774414,1,0.102564,0.0729167,0
SART_supply,SART supply,통합,higher,planned,Wilcoxon signed-rank exact,C3-C5,10,3.85417,1.03055,4.08333,0.864931,4.15625,1.0568,4.16667,1.11337,4.28125,1.20384,21.5,,0.574219,1,-0.218182,-0.125,-0.0625
SART_supply,SART supply,통합,higher,planned,Wilcoxon signed-rank exact,C4-C1,11,3.85417,1.03055,4.08333,0.864931,4.15625,1.0568,4.16667,1.11337,4.28125,1.20384,23.5,,0.431641,1,0.287879,0.3125,0.125
SART_supply,SART supply,통합,higher,planned,Wilcoxon signed-rank exact,C4-C2,11,3.85417,1.03055,4.08333,0.864931,4.15625,1.0568,4.16667,1.11337,4.28125,1.20384,31.5,,0.916992,1,0.0454545,0.0833333,-0.125
SART_supply,SART supply,통합,higher,planned,Wilcoxon signed-rank exact,C4-C3,11,3.85417,1.03055,4.08333,0.864931,4.15625,1.0568,4.16667,1.11337,4.28125,1.20384,31.5,,0.925781,1,-0.0454545,0.0104167,0.125
SART_supply,SART supply,통합,higher,planned,Wilcoxon signed-rank exact,C4-C5,10,3.85417,1.03055,4.08333,0.864931,4.15625,1.0568,4.16667,1.11337,4.28125,1.20384,24,,0.773438,1,-0.127273,-0.114583,-0.125
SART_understanding,SART understanding,토마토 수확,higher,planned,Friedman,C1-C5,12,4.52778,1.54696,4.22222,1.07622,4.55556,1.56562,4.55556,1.39504,4.5,1.59228,0.255814,4,0.992485,,0.00532946,,
SART_understanding,SART understanding,토마토 수확,higher,planned,Wilcoxon signed-rank exact,C3-C1,7,4.52778,1.54696,4.22222,1.07622,4.55556,1.56562,4.55556,1.39504,4.5,1.59228,13,,1,1,0.0714286,0.0277775,0.33333
SART_understanding,SART understanding,토마토 수확,higher,planned,Wilcoxon signed-rank exact,C3-C2,6,4.52778,1.54696,4.22222,1.07622,4.55556,1.56562,4.55556,1.39504,4.5,1.59228,8.5,,0.71875,1,0.190476,0.333333,0
SART_understanding,SART understanding,토마토 수확,higher,planned,Wilcoxon signed-rank exact,C3-C5,8,4.52778,1.54696,4.22222,1.07622,4.55556,1.56562,4.55556,1.39504,4.5,1.59228,17.5,,0.96875,1,-0.0277778,0.0555558,0
SART_understanding,SART understanding,토마토 수확,higher,planned,Wilcoxon signed-rank exact,C4-C1,9,4.52778,1.54696,4.22222,1.07622,4.55556,1.56562,4.55556,1.39504,4.5,1.59228,20.5,,0.847656,1,-0.0888889,0.0277775,-0.33333
SART_understanding,SART understanding,토마토 수확,higher,planned,Wilcoxon signed-rank exact,C4-C2,8,4.52778,1.54696,4.22222,1.07622,4.55556,1.56562,4.55556,1.39504,4.5,1.59228,10,,0.304688,1,0.444444,0.333333,0.333335
SART_understanding,SART understanding,토마토 수확,higher,planned,Wilcoxon signed-rank exact,C4-C3,9,4.52778,1.54696,4.22222,1.07622,4.55556,1.56562,4.55556,1.39504,4.5,1.59228,21.5,,0.976562,1,-0.0444444,0,0.33333
SART_understanding,SART understanding,토마토 수확,higher,planned,Wilcoxon signed-rank exact,C4-C5,7,4.52778,1.54696,4.22222,1.07622,4.55556,1.56562,4.55556,1.39504,4.5,1.59228,11,,0.640625,1,-0.214286,0.0555558,-0.33333
SART_understanding,SART understanding,분리수거,higher,planned,Friedman,C1-C5,12,4.69444,1.25093,4.38889,0.930226,4.47222,1.24282,4.58333,1.12927,4.52778,1.20988,3.18782,4,0.526901,,0.0664129,,
SART_understanding,SART understanding,분리수거,higher,planned,Wilcoxon signed-rank exact,C3-C1,6,4.69444,1.25093,4.38889,0.930226,4.47222,1.24282,4.58333,1.12927,4.52778,1.20988,4.5,,0.25,1,-0.571429,-0.222223,-0.5
SART_understanding,SART understanding,분리수거,higher,planned,Wilcoxon signed-rank exact,C3-C2,8,4.69444,1.25093,4.38889,0.930226,4.47222,1.24282,4.58333,1.12927,4.52778,1.20988,14.5,,0.65625,1,0.194444,0.0833333,0.33333
SART_understanding,SART understanding,분리수거,higher,planned,Wilcoxon signed-rank exact,C3-C5,7,4.69444,1.25093,4.38889,0.930226,4.47222,1.24282,4.58333,1.12927,4.52778,1.20988,11.5,,0.84375,1,-0.178571,-0.0555558,-0.33333
SART_understanding,SART understanding,분리수거,higher,planned,Wilcoxon signed-rank exact,C4-C1,11,4.69444,1.25093,4.38889,0.930226,4.47222,1.24282,4.58333,1.12927,4.52778,1.20988,21.5,,0.327148,1,-0.348485,-0.111113,-0.33333
SART_understanding,SART understanding,분리수거,higher,planned,Wilcoxon signed-rank exact,C4-C2,10,4.69444,1.25093,4.38889,0.930226,4.47222,1.24282,4.58333,1.12927,4.52778,1.20988,20.5,,0.511719,1,0.254545,0.194443,0.666665
SART_understanding,SART understanding,분리수거,higher,planned,Wilcoxon signed-rank exact,C4-C3,10,4.69444,1.25093,4.38889,0.930226,4.47222,1.24282,4.58333,1.12927,4.52778,1.20988,24,,0.757812,1,0.127273,0.11111,0.33333
SART_understanding,SART understanding,분리수거,higher,planned,Wilcoxon signed-rank exact,C4-C5,9,4.69444,1.25093,4.38889,0.930226,4.47222,1.24282,4.58333,1.12927,4.52778,1.20988,22,,0.992188,1,0.0222222,0.0555542,0.33333
SART_understanding,SART understanding,통합,higher,planned,Friedman,C1-C5,12,4.61111,1.35649,4.30556,0.931583,4.51389,1.36969,4.56945,1.17735,4.51389,1.36044,1.78641,4,0.774968,,0.0372168,,
SART_understanding,SART understanding,통합,higher,planned,Wilcoxon signed-rank exact,C3-C1,9,4.61111,1.35649,4.30556,0.931583,4.51389,1.36969,4.56945,1.17735,4.51389,1.36044,16,,0.484375,1,-0.288889,-0.0972225,-0.16667
SART_understanding,SART understanding,통합,higher,planned,Wilcoxon signed-rank exact,C3-C2,10,4.61111,1.35649,4.30556,0.931583,4.51389,1.36969,4.56945,1.17735,4.51389,1.36044,24.5,,0.802734,1,0.109091,0.208333,0
SART_understanding,SART understanding,통합,higher,planned,Wilcoxon signed-rank exact,C3-C5,9,4.61111,1.35649,4.30556,0.931583,4.51389,1.36969,4.56945,1.17735,4.51389,1.36044,22,,1,1,-0.0222222,0,-0.16666
SART_understanding,SART understanding,통합,higher,planned,Wilcoxon signed-rank exact,C4-C1,9,4.61111,1.35649,4.30556,0.931583,4.51389,1.36969,4.56945,1.17735,4.51389,1.36044,19.5,,0.761719,1,-0.133333,-0.0416667,-0.16666
SART_understanding,SART understanding,통합,higher,planned,Wilcoxon signed-rank exact,C4-C2,11,4.61111,1.35649,4.30556,0.931583,4.51389,1.36969,4.56945,1.17735,4.51389,1.36044,18.5,,0.213867,1,0.439394,0.263889,0.33333
SART_understanding,SART understanding,통합,higher,planned,Wilcoxon signed-rank exact,C4-C3,7,4.61111,1.35649,4.30556,0.931583,4.51389,1.36969,4.56945,1.17735,4.51389,1.36044,8,,0.34375,1,0.428571,0.0555558,0.16667
SART_understanding,SART understanding,통합,higher,planned,Wilcoxon signed-rank exact,C4-C5,10,4.61111,1.35649,4.30556,0.931583,4.51389,1.36969,4.56945,1.17735,4.51389,1.36044,22,,0.585938,1,0.2,0.0555558,5e-06
